-- phpMyAdmin SQL Dump
-- version 4.5.1
-- http://www.phpmyadmin.net
--
-- Host: 127.0.0.1
-- Generation Time: Sep 23, 2017 at 05:23 AM
-- Server version: 10.1.19-MariaDB
-- PHP Version: 7.0.13

SET SQL_MODE = "NO_AUTO_VALUE_ON_ZERO";
SET time_zone = "+00:00";


/*!40101 SET @OLD_CHARACTER_SET_CLIENT=@@CHARACTER_SET_CLIENT */;
/*!40101 SET @OLD_CHARACTER_SET_RESULTS=@@CHARACTER_SET_RESULTS */;
/*!40101 SET @OLD_COLLATION_CONNECTION=@@COLLATION_CONNECTION */;
/*!40101 SET NAMES utf8mb4 */;

--
-- Database: `simangga`
--

-- --------------------------------------------------------

--
-- Table structure for table `tb_jawaban`
--

CREATE TABLE `tb_jawaban` (
  `id_jawab` int(10) NOT NULL,
  `id_pert` int(10) NOT NULL,
  `id_user` int(10) NOT NULL,
  `id_periode` int(10) NOT NULL,
  `id_levelpengguna` int(3) NOT NULL,
  `jawaban` tinyint(2) NOT NULL
) ENGINE=InnoDB DEFAULT CHARSET=latin1 ROW_FORMAT=COMPACT;

--
-- Dumping data for table `tb_jawaban`
--

INSERT INTO `tb_jawaban` (`id_jawab`, `id_pert`, `id_user`, `id_periode`, `id_levelpengguna`, `jawaban`) VALUES
(1, 1, 5, 2, 1, 1),
(2, 2, 5, 2, 1, 1),
(3, 3, 5, 2, 1, 1),
(4, 4, 5, 2, 1, 1),
(5, 5, 5, 2, 1, 1),
(6, 6, 5, 2, 1, 1),
(7, 7, 5, 2, 1, 1),
(8, 8, 5, 2, 1, 1),
(9, 9, 5, 2, 1, 1),
(10, 10, 5, 2, 1, 0),
(11, 11, 5, 2, 1, 0),
(12, 12, 5, 2, 1, 1),
(13, 13, 5, 2, 1, 0),
(14, 14, 5, 2, 1, 0),
(15, 15, 5, 2, 1, 0),
(16, 16, 5, 2, 1, 0),
(17, 17, 5, 2, 1, 0),
(18, 18, 5, 2, 1, 1),
(19, 19, 5, 2, 1, 1),
(20, 20, 5, 2, 1, 1),
(21, 21, 5, 2, 1, 1),
(22, 1, 4, 2, 1, 1),
(23, 2, 4, 2, 1, 0),
(24, 3, 4, 2, 1, 0),
(25, 4, 4, 2, 1, 0),
(26, 5, 4, 2, 1, 1),
(27, 6, 4, 2, 1, 0),
(28, 7, 4, 2, 1, 0),
(29, 8, 4, 2, 1, 1),
(30, 9, 4, 2, 1, 1),
(31, 10, 4, 2, 1, 0),
(32, 11, 4, 2, 1, 0),
(33, 12, 4, 2, 1, 0),
(34, 13, 4, 2, 1, 0),
(35, 14, 4, 2, 1, 0),
(36, 15, 4, 2, 1, 1),
(37, 16, 4, 2, 1, 0),
(38, 17, 4, 2, 1, 0),
(39, 18, 4, 2, 1, 0),
(40, 19, 4, 2, 1, 0),
(41, 20, 4, 2, 1, 0),
(42, 21, 4, 2, 1, 1),
(43, 1, 1, 2, 1, 1),
(44, 2, 1, 2, 1, 1),
(45, 3, 1, 2, 1, 1),
(46, 4, 1, 2, 1, 0),
(47, 5, 1, 2, 1, 0),
(48, 6, 1, 2, 1, 1),
(49, 7, 1, 2, 1, 1),
(50, 8, 1, 2, 1, 1),
(51, 9, 1, 2, 1, 1),
(52, 10, 1, 2, 1, 1),
(53, 11, 1, 2, 1, 1),
(54, 12, 1, 2, 1, 1),
(55, 13, 1, 2, 1, 0),
(56, 14, 1, 2, 1, 0),
(57, 15, 1, 2, 1, 0),
(58, 16, 1, 2, 1, 0),
(59, 17, 1, 2, 1, 1),
(60, 18, 1, 2, 1, 0),
(61, 19, 1, 2, 1, 0),
(62, 20, 1, 2, 1, 0),
(63, 21, 1, 2, 1, 0),
(64, 1, 6, 2, 2, 1),
(65, 2, 6, 2, 2, 1),
(66, 3, 6, 2, 2, 0),
(67, 4, 6, 2, 2, 1),
(68, 5, 6, 2, 2, 1),
(69, 6, 6, 2, 2, 0),
(70, 7, 6, 2, 2, 1),
(71, 8, 6, 2, 2, 1),
(72, 9, 6, 2, 2, 1),
(73, 10, 6, 2, 2, 0),
(74, 11, 6, 2, 2, 1),
(75, 12, 6, 2, 2, 1),
(76, 13, 6, 2, 2, 1),
(77, 14, 6, 2, 2, 0),
(78, 15, 6, 2, 2, 1),
(79, 16, 6, 2, 2, 0),
(80, 17, 6, 2, 2, 0),
(81, 18, 6, 2, 2, 1),
(82, 19, 6, 2, 2, 1),
(83, 20, 6, 2, 2, 1),
(84, 21, 6, 2, 2, 0),
(85, 1, 7, 2, 2, 1),
(86, 2, 7, 2, 2, 1),
(87, 3, 7, 2, 2, 0),
(88, 4, 7, 2, 2, 0),
(89, 5, 7, 2, 2, 1),
(90, 6, 7, 2, 2, 1),
(91, 7, 7, 2, 2, 1),
(92, 8, 7, 2, 2, 1),
(93, 9, 7, 2, 2, 1),
(94, 10, 7, 2, 2, 1),
(95, 11, 7, 2, 2, 0),
(96, 12, 7, 2, 2, 0),
(97, 13, 7, 2, 2, 0),
(98, 14, 7, 2, 2, 0),
(99, 15, 7, 2, 2, 0),
(100, 16, 7, 2, 2, 1),
(101, 17, 7, 2, 2, 1),
(102, 18, 7, 2, 2, 1),
(103, 19, 7, 2, 2, 1),
(104, 20, 7, 2, 2, 0),
(105, 21, 7, 2, 2, 1),
(106, 1, 8, 2, 2, 1),
(107, 2, 8, 2, 2, 1),
(108, 3, 8, 2, 2, 1),
(109, 4, 8, 2, 2, 1),
(110, 5, 8, 2, 2, 1),
(111, 6, 8, 2, 2, 1),
(112, 7, 8, 2, 2, 0),
(113, 8, 8, 2, 2, 1),
(114, 9, 8, 2, 2, 1),
(115, 10, 8, 2, 2, 0),
(116, 11, 8, 2, 2, 1),
(117, 12, 8, 2, 2, 1),
(118, 13, 8, 2, 2, 0),
(119, 14, 8, 2, 2, 1),
(120, 15, 8, 2, 2, 1),
(121, 16, 8, 2, 2, 0),
(122, 17, 8, 2, 2, 1),
(123, 18, 8, 2, 2, 1),
(124, 19, 8, 2, 2, 1),
(125, 20, 8, 2, 2, 1),
(126, 21, 8, 2, 2, 0),
(127, 1, 9, 2, 3, 1),
(128, 2, 9, 2, 3, 1),
(129, 3, 9, 2, 3, 1),
(130, 4, 9, 2, 3, 1),
(131, 5, 9, 2, 3, 1),
(132, 6, 9, 2, 3, 1),
(133, 7, 9, 2, 3, 1),
(134, 8, 9, 2, 3, 1),
(135, 9, 9, 2, 3, 1),
(136, 10, 9, 2, 3, 1),
(137, 11, 9, 2, 3, 1),
(138, 12, 9, 2, 3, 1),
(139, 13, 9, 2, 3, 0),
(140, 14, 9, 2, 3, 1),
(141, 15, 9, 2, 3, 1),
(142, 16, 9, 2, 3, 1),
(143, 17, 9, 2, 3, 1),
(144, 18, 9, 2, 3, 1),
(145, 19, 9, 2, 3, 1),
(146, 20, 9, 2, 3, 1),
(147, 21, 9, 2, 3, 1),
(148, 1, 10, 2, 3, 1),
(149, 2, 10, 2, 3, 1),
(150, 3, 10, 2, 3, 1),
(151, 4, 10, 2, 3, 1),
(152, 5, 10, 2, 3, 1),
(153, 6, 10, 2, 3, 1),
(154, 7, 10, 2, 3, 1),
(155, 8, 10, 2, 3, 1),
(156, 9, 10, 2, 3, 1),
(157, 10, 10, 2, 3, 0),
(158, 11, 10, 2, 3, 1),
(159, 12, 10, 2, 3, 1),
(160, 13, 10, 2, 3, 1),
(161, 14, 10, 2, 3, 0),
(162, 15, 10, 2, 3, 1),
(163, 16, 10, 2, 3, 1),
(164, 17, 10, 2, 3, 1),
(165, 18, 10, 2, 3, 1),
(166, 19, 10, 2, 3, 1),
(167, 20, 10, 2, 3, 1),
(168, 21, 10, 2, 3, 1),
(169, 1, 11, 2, 3, 1),
(170, 2, 11, 2, 3, 1),
(171, 3, 11, 2, 3, 1),
(172, 4, 11, 2, 3, 1),
(173, 5, 11, 2, 3, 1),
(174, 6, 11, 2, 3, 1),
(175, 7, 11, 2, 3, 0),
(176, 8, 11, 2, 3, 1),
(177, 9, 11, 2, 3, 1),
(178, 10, 11, 2, 3, 1),
(179, 11, 11, 2, 3, 0),
(180, 12, 11, 2, 3, 1),
(181, 13, 11, 2, 3, 1),
(182, 14, 11, 2, 3, 0),
(183, 15, 11, 2, 3, 1),
(184, 16, 11, 2, 3, 1),
(185, 17, 11, 2, 3, 1),
(186, 18, 11, 2, 3, 1),
(187, 19, 11, 2, 3, 1),
(188, 20, 11, 2, 3, 1),
(189, 21, 11, 2, 3, 0),
(190, 1, 12, 2, 1, 1),
(191, 2, 12, 2, 1, 1),
(192, 3, 12, 2, 1, 1),
(193, 4, 12, 2, 1, 1),
(194, 5, 12, 2, 1, 1),
(195, 6, 12, 2, 1, 0),
(196, 7, 12, 2, 1, 0),
(197, 8, 12, 2, 1, 1),
(198, 9, 12, 2, 1, 1),
(199, 10, 12, 2, 1, 1),
(200, 11, 12, 2, 1, 0),
(201, 12, 12, 2, 1, 0),
(202, 13, 12, 2, 1, 1),
(203, 14, 12, 2, 1, 1),
(204, 15, 12, 2, 1, 1),
(205, 16, 12, 2, 1, 1),
(206, 17, 12, 2, 1, 1),
(207, 18, 12, 2, 1, 1),
(208, 19, 12, 2, 1, 1),
(209, 20, 12, 2, 1, 1),
(210, 21, 12, 2, 1, 1),
(211, 1, 13, 2, 1, 1),
(212, 2, 13, 2, 1, 1),
(213, 3, 13, 2, 1, 1),
(214, 4, 13, 2, 1, 1),
(215, 5, 13, 2, 1, 1),
(216, 6, 13, 2, 1, 1),
(217, 7, 13, 2, 1, 1),
(218, 8, 13, 2, 1, 1),
(219, 9, 13, 2, 1, 1),
(220, 10, 13, 2, 1, 1),
(221, 11, 13, 2, 1, 1),
(222, 12, 13, 2, 1, 1),
(223, 13, 13, 2, 1, 1),
(224, 14, 13, 2, 1, 1),
(225, 15, 13, 2, 1, 1),
(226, 16, 13, 2, 1, 1),
(227, 17, 13, 2, 1, 1),
(228, 18, 13, 2, 1, 1),
(229, 19, 13, 2, 1, 1),
(230, 20, 13, 2, 1, 0),
(231, 21, 13, 2, 1, 0),
(232, 1, 14, 2, 1, 1),
(233, 2, 14, 2, 1, 0),
(234, 3, 14, 2, 1, 1),
(235, 4, 14, 2, 1, 1),
(236, 5, 14, 2, 1, 1),
(237, 6, 14, 2, 1, 1),
(238, 7, 14, 2, 1, 1),
(239, 8, 14, 2, 1, 1),
(240, 9, 14, 2, 1, 1),
(241, 10, 14, 2, 1, 1),
(242, 11, 14, 2, 1, 1),
(243, 12, 14, 2, 1, 1),
(244, 13, 14, 2, 1, 1),
(245, 14, 14, 2, 1, 1),
(246, 15, 14, 2, 1, 1),
(247, 16, 14, 2, 1, 0),
(248, 17, 14, 2, 1, 0),
(249, 18, 14, 2, 1, 1),
(250, 19, 14, 2, 1, 1),
(251, 20, 14, 2, 1, 1),
(252, 21, 14, 2, 1, 0),
(253, 1, 15, 2, 1, 1),
(254, 2, 15, 2, 1, 0),
(255, 3, 15, 2, 1, 0),
(256, 4, 15, 2, 1, 0),
(257, 5, 15, 2, 1, 0),
(258, 6, 15, 2, 1, 1),
(259, 7, 15, 2, 1, 1),
(260, 8, 15, 2, 1, 1),
(261, 9, 15, 2, 1, 1),
(262, 10, 15, 2, 1, 1),
(263, 11, 15, 2, 1, 1),
(264, 12, 15, 2, 1, 0),
(265, 13, 15, 2, 1, 1),
(266, 14, 15, 2, 1, 1),
(267, 15, 15, 2, 1, 1),
(268, 16, 15, 2, 1, 1),
(269, 17, 15, 2, 1, 1),
(270, 18, 15, 2, 1, 1),
(271, 19, 15, 2, 1, 1),
(272, 20, 15, 2, 1, 1),
(273, 21, 15, 2, 1, 1),
(274, 1, 16, 2, 1, 1),
(275, 2, 16, 2, 1, 1),
(276, 3, 16, 2, 1, 1),
(277, 4, 16, 2, 1, 1),
(278, 5, 16, 2, 1, 0),
(279, 6, 16, 2, 1, 1),
(280, 7, 16, 2, 1, 0),
(281, 8, 16, 2, 1, 1),
(282, 9, 16, 2, 1, 0),
(283, 10, 16, 2, 1, 1),
(284, 11, 16, 2, 1, 1),
(285, 12, 16, 2, 1, 1),
(286, 13, 16, 2, 1, 1),
(287, 14, 16, 2, 1, 1),
(288, 15, 16, 2, 1, 1),
(289, 16, 16, 2, 1, 1),
(290, 17, 16, 2, 1, 0),
(291, 18, 16, 2, 1, 1),
(292, 19, 16, 2, 1, 1),
(293, 20, 16, 2, 1, 1),
(294, 21, 16, 2, 1, 1),
(295, 1, 17, 2, 1, 1),
(296, 2, 17, 2, 1, 1),
(297, 3, 17, 2, 1, 0),
(298, 4, 17, 2, 1, 0),
(299, 5, 17, 2, 1, 1),
(300, 6, 17, 2, 1, 1),
(301, 7, 17, 2, 1, 1),
(302, 8, 17, 2, 1, 0),
(303, 9, 17, 2, 1, 1),
(304, 10, 17, 2, 1, 0),
(305, 11, 17, 2, 1, 1),
(306, 12, 17, 2, 1, 0),
(307, 13, 17, 2, 1, 1),
(308, 14, 17, 2, 1, 1),
(309, 15, 17, 2, 1, 0),
(310, 16, 17, 2, 1, 0),
(311, 17, 17, 2, 1, 1),
(312, 18, 17, 2, 1, 1),
(313, 19, 17, 2, 1, 1),
(314, 20, 17, 2, 1, 0),
(315, 21, 17, 2, 1, 0),
(316, 1, 18, 2, 1, 1),
(317, 2, 18, 2, 1, 1),
(318, 3, 18, 2, 1, 1),
(319, 4, 18, 2, 1, 1),
(320, 5, 18, 2, 1, 1),
(321, 6, 18, 2, 1, 1),
(322, 7, 18, 2, 1, 1),
(323, 8, 18, 2, 1, 1),
(324, 9, 18, 2, 1, 0),
(325, 10, 18, 2, 1, 0),
(326, 11, 18, 2, 1, 1),
(327, 12, 18, 2, 1, 1),
(328, 13, 18, 2, 1, 1),
(329, 14, 18, 2, 1, 1),
(330, 15, 18, 2, 1, 1),
(331, 16, 18, 2, 1, 1),
(332, 17, 18, 2, 1, 1),
(333, 18, 18, 2, 1, 1),
(334, 19, 18, 2, 1, 1),
(335, 20, 18, 2, 1, 1),
(336, 21, 18, 2, 1, 1),
(337, 1, 19, 2, 1, 1),
(338, 2, 19, 2, 1, 1),
(339, 3, 19, 2, 1, 1),
(340, 4, 19, 2, 1, 1),
(341, 5, 19, 2, 1, 1),
(342, 6, 19, 2, 1, 1),
(343, 7, 19, 2, 1, 1),
(344, 8, 19, 2, 1, 0),
(345, 9, 19, 2, 1, 1),
(346, 10, 19, 2, 1, 1),
(347, 11, 19, 2, 1, 1),
(348, 12, 19, 2, 1, 0),
(349, 13, 19, 2, 1, 1),
(350, 14, 19, 2, 1, 1),
(351, 15, 19, 2, 1, 1),
(352, 16, 19, 2, 1, 1),
(353, 17, 19, 2, 1, 1),
(354, 18, 19, 2, 1, 1),
(355, 19, 19, 2, 1, 1),
(356, 20, 19, 2, 1, 1),
(357, 21, 19, 2, 1, 1),
(358, 1, 20, 2, 1, 1),
(359, 2, 20, 2, 1, 1),
(360, 3, 20, 2, 1, 0),
(361, 4, 20, 2, 1, 1),
(362, 5, 20, 2, 1, 1),
(363, 6, 20, 2, 1, 0),
(364, 7, 20, 2, 1, 1),
(365, 8, 20, 2, 1, 1),
(366, 9, 20, 2, 1, 1),
(367, 10, 20, 2, 1, 1),
(368, 11, 20, 2, 1, 0),
(369, 12, 20, 2, 1, 0),
(370, 13, 20, 2, 1, 0),
(371, 14, 20, 2, 1, 0),
(372, 15, 20, 2, 1, 1),
(373, 16, 20, 2, 1, 1),
(374, 17, 20, 2, 1, 1),
(375, 18, 20, 2, 1, 0),
(376, 19, 20, 2, 1, 0),
(377, 20, 20, 2, 1, 1),
(378, 21, 20, 2, 1, 1),
(379, 1, 21, 2, 1, 1),
(380, 2, 21, 2, 1, 1),
(381, 3, 21, 2, 1, 1),
(382, 4, 21, 2, 1, 0),
(383, 5, 21, 2, 1, 1),
(384, 6, 21, 2, 1, 1),
(385, 7, 21, 2, 1, 0),
(386, 8, 21, 2, 1, 1),
(387, 9, 21, 2, 1, 1),
(388, 10, 21, 2, 1, 0),
(389, 11, 21, 2, 1, 1),
(390, 12, 21, 2, 1, 1),
(391, 13, 21, 2, 1, 1),
(392, 14, 21, 2, 1, 1),
(393, 15, 21, 2, 1, 1),
(394, 16, 21, 2, 1, 1),
(395, 17, 21, 2, 1, 0),
(396, 18, 21, 2, 1, 1),
(397, 19, 21, 2, 1, 1),
(398, 20, 21, 2, 1, 1),
(399, 21, 21, 2, 1, 1),
(400, 1, 22, 2, 1, 1),
(401, 2, 22, 2, 1, 0),
(402, 3, 22, 2, 1, 1),
(403, 4, 22, 2, 1, 1),
(404, 5, 22, 2, 1, 0),
(405, 6, 22, 2, 1, 1),
(406, 7, 22, 2, 1, 1),
(407, 8, 22, 2, 1, 1),
(408, 9, 22, 2, 1, 0),
(409, 10, 22, 2, 1, 1),
(410, 11, 22, 2, 1, 1),
(411, 12, 22, 2, 1, 1),
(412, 13, 22, 2, 1, 1),
(413, 14, 22, 2, 1, 1),
(414, 15, 22, 2, 1, 1),
(415, 16, 22, 2, 1, 1),
(416, 17, 22, 2, 1, 1),
(417, 18, 22, 2, 1, 1),
(418, 19, 22, 2, 1, 1),
(419, 20, 22, 2, 1, 1),
(420, 21, 22, 2, 1, 1),
(421, 1, 23, 2, 1, 1),
(422, 2, 23, 2, 1, 1),
(423, 3, 23, 2, 1, 1),
(424, 4, 23, 2, 1, 1),
(425, 5, 23, 2, 1, 1),
(426, 6, 23, 2, 1, 1),
(427, 7, 23, 2, 1, 1),
(428, 8, 23, 2, 1, 1),
(429, 9, 23, 2, 1, 1),
(430, 10, 23, 2, 1, 1),
(431, 11, 23, 2, 1, 1),
(432, 12, 23, 2, 1, 1),
(433, 13, 23, 2, 1, 0),
(434, 14, 23, 2, 1, 0),
(435, 15, 23, 2, 1, 1),
(436, 16, 23, 2, 1, 1),
(437, 17, 23, 2, 1, 1),
(438, 18, 23, 2, 1, 0),
(439, 19, 23, 2, 1, 0),
(440, 20, 23, 2, 1, 1),
(441, 21, 23, 2, 1, 1),
(442, 1, 24, 2, 1, 1),
(443, 2, 24, 2, 1, 1),
(444, 3, 24, 2, 1, 1),
(445, 4, 24, 2, 1, 1),
(446, 5, 24, 2, 1, 1),
(447, 6, 24, 2, 1, 1),
(448, 7, 24, 2, 1, 1),
(449, 8, 24, 2, 1, 1),
(450, 9, 24, 2, 1, 1),
(451, 10, 24, 2, 1, 1),
(452, 11, 24, 2, 1, 1),
(453, 12, 24, 2, 1, 1),
(454, 13, 24, 2, 1, 1),
(455, 14, 24, 2, 1, 1),
(456, 15, 24, 2, 1, 1),
(457, 16, 24, 2, 1, 1),
(458, 17, 24, 2, 1, 1),
(459, 18, 24, 2, 1, 1),
(460, 19, 24, 2, 1, 1),
(461, 20, 24, 2, 1, 1),
(462, 21, 24, 2, 1, 1),
(463, 1, 25, 2, 1, 1),
(464, 2, 25, 2, 1, 1),
(465, 3, 25, 2, 1, 1),
(466, 4, 25, 2, 1, 1),
(467, 5, 25, 2, 1, 1),
(468, 6, 25, 2, 1, 1),
(469, 7, 25, 2, 1, 1),
(470, 8, 25, 2, 1, 1),
(471, 9, 25, 2, 1, 0),
(472, 10, 25, 2, 1, 1),
(473, 11, 25, 2, 1, 1),
(474, 12, 25, 2, 1, 1),
(475, 13, 25, 2, 1, 0),
(476, 14, 25, 2, 1, 1),
(477, 15, 25, 2, 1, 0),
(478, 16, 25, 2, 1, 1),
(479, 17, 25, 2, 1, 0),
(480, 18, 25, 2, 1, 1),
(481, 19, 25, 2, 1, 1),
(482, 20, 25, 2, 1, 0),
(483, 21, 25, 2, 1, 0),
(484, 1, 26, 2, 1, 1),
(485, 2, 26, 2, 1, 0),
(486, 3, 26, 2, 1, 1),
(487, 4, 26, 2, 1, 1),
(488, 5, 26, 2, 1, 1),
(489, 6, 26, 2, 1, 0),
(490, 7, 26, 2, 1, 1),
(491, 8, 26, 2, 1, 1),
(492, 9, 26, 2, 1, 1),
(493, 10, 26, 2, 1, 1),
(494, 11, 26, 2, 1, 1),
(495, 12, 26, 2, 1, 1),
(496, 13, 26, 2, 1, 0),
(497, 14, 26, 2, 1, 0),
(498, 15, 26, 2, 1, 1),
(499, 16, 26, 2, 1, 1),
(500, 17, 26, 2, 1, 1),
(501, 18, 26, 2, 1, 1),
(502, 19, 26, 2, 1, 0),
(503, 20, 26, 2, 1, 1),
(504, 21, 26, 2, 1, 1),
(505, 1, 27, 2, 1, 1),
(506, 2, 27, 2, 1, 1),
(507, 3, 27, 2, 1, 1),
(508, 4, 27, 2, 1, 0),
(509, 5, 27, 2, 1, 1),
(510, 6, 27, 2, 1, 1),
(511, 7, 27, 2, 1, 1),
(512, 8, 27, 2, 1, 1),
(513, 9, 27, 2, 1, 1),
(514, 10, 27, 2, 1, 1),
(515, 11, 27, 2, 1, 1),
(516, 12, 27, 2, 1, 1),
(517, 13, 27, 2, 1, 1),
(518, 14, 27, 2, 1, 1),
(519, 15, 27, 2, 1, 1),
(520, 16, 27, 2, 1, 1),
(521, 17, 27, 2, 1, 1),
(522, 18, 27, 2, 1, 1),
(523, 19, 27, 2, 1, 1),
(524, 20, 27, 2, 1, 1),
(525, 21, 27, 2, 1, 1),
(526, 1, 28, 2, 1, 1),
(527, 2, 28, 2, 1, 1),
(528, 3, 28, 2, 1, 1),
(529, 4, 28, 2, 1, 1),
(530, 5, 28, 2, 1, 1),
(531, 6, 28, 2, 1, 1),
(532, 7, 28, 2, 1, 0),
(533, 8, 28, 2, 1, 1),
(534, 9, 28, 2, 1, 1),
(535, 10, 28, 2, 1, 0),
(536, 11, 28, 2, 1, 0),
(537, 12, 28, 2, 1, 1),
(538, 13, 28, 2, 1, 1),
(539, 14, 28, 2, 1, 1),
(540, 15, 28, 2, 1, 1),
(541, 16, 28, 2, 1, 1),
(542, 17, 28, 2, 1, 1),
(543, 18, 28, 2, 1, 1),
(544, 19, 28, 2, 1, 1),
(545, 20, 28, 2, 1, 1),
(546, 21, 28, 2, 1, 1),
(547, 1, 29, 2, 1, 1),
(548, 2, 29, 2, 1, 1),
(549, 3, 29, 2, 1, 1),
(550, 4, 29, 2, 1, 1),
(551, 5, 29, 2, 1, 1),
(552, 6, 29, 2, 1, 1),
(553, 7, 29, 2, 1, 1),
(554, 8, 29, 2, 1, 1),
(555, 9, 29, 2, 1, 1),
(556, 10, 29, 2, 1, 1),
(557, 11, 29, 2, 1, 1),
(558, 12, 29, 2, 1, 0),
(559, 13, 29, 2, 1, 1),
(560, 14, 29, 2, 1, 1),
(561, 15, 29, 2, 1, 1),
(562, 16, 29, 2, 1, 1),
(563, 17, 29, 2, 1, 1),
(564, 18, 29, 2, 1, 1),
(565, 19, 29, 2, 1, 1),
(566, 20, 29, 2, 1, 1),
(567, 21, 29, 2, 1, 0),
(568, 1, 30, 2, 1, 1),
(569, 2, 30, 2, 1, 1),
(570, 3, 30, 2, 1, 1),
(571, 4, 30, 2, 1, 1),
(572, 5, 30, 2, 1, 0),
(573, 6, 30, 2, 1, 1),
(574, 7, 30, 2, 1, 1),
(575, 8, 30, 2, 1, 1),
(576, 9, 30, 2, 1, 1),
(577, 10, 30, 2, 1, 1),
(578, 11, 30, 2, 1, 1),
(579, 12, 30, 2, 1, 1),
(580, 13, 30, 2, 1, 1),
(581, 14, 30, 2, 1, 0),
(582, 15, 30, 2, 1, 1),
(583, 16, 30, 2, 1, 1),
(584, 17, 30, 2, 1, 0),
(585, 18, 30, 2, 1, 1),
(586, 19, 30, 2, 1, 1),
(587, 20, 30, 2, 1, 1),
(588, 21, 30, 2, 1, 1),
(589, 1, 31, 2, 1, 1),
(590, 2, 31, 2, 1, 1),
(591, 3, 31, 2, 1, 1),
(592, 4, 31, 2, 1, 1),
(593, 5, 31, 2, 1, 1),
(594, 6, 31, 2, 1, 1),
(595, 7, 31, 2, 1, 1),
(596, 8, 31, 2, 1, 1),
(597, 9, 31, 2, 1, 0),
(598, 10, 31, 2, 1, 1),
(599, 11, 31, 2, 1, 1),
(600, 12, 31, 2, 1, 1),
(601, 13, 31, 2, 1, 1),
(602, 14, 31, 2, 1, 1),
(603, 15, 31, 2, 1, 1),
(604, 16, 31, 2, 1, 1),
(605, 17, 31, 2, 1, 1),
(606, 18, 31, 2, 1, 1),
(607, 19, 31, 2, 1, 1),
(608, 20, 31, 2, 1, 1),
(609, 21, 31, 2, 1, 1),
(610, 1, 32, 2, 1, 1),
(611, 2, 32, 2, 1, 1),
(612, 3, 32, 2, 1, 0),
(613, 4, 32, 2, 1, 1),
(614, 5, 32, 2, 1, 1),
(615, 6, 32, 2, 1, 1),
(616, 7, 32, 2, 1, 1),
(617, 8, 32, 2, 1, 1),
(618, 9, 32, 2, 1, 1),
(619, 10, 32, 2, 1, 0),
(620, 11, 32, 2, 1, 0),
(621, 12, 32, 2, 1, 1),
(622, 13, 32, 2, 1, 0),
(623, 14, 32, 2, 1, 1),
(624, 15, 32, 2, 1, 1),
(625, 16, 32, 2, 1, 0),
(626, 17, 32, 2, 1, 1),
(627, 18, 32, 2, 1, 1),
(628, 19, 32, 2, 1, 0),
(629, 20, 32, 2, 1, 1),
(630, 21, 32, 2, 1, 1),
(631, 1, 34, 2, 2, 1),
(632, 2, 34, 2, 2, 1),
(633, 3, 34, 2, 2, 1),
(634, 4, 34, 2, 2, 1),
(635, 5, 34, 2, 2, 1),
(636, 6, 34, 2, 2, 1),
(637, 7, 34, 2, 2, 1),
(638, 8, 34, 2, 2, 1),
(639, 9, 34, 2, 2, 1),
(640, 10, 34, 2, 2, 1),
(641, 11, 34, 2, 2, 0),
(642, 12, 34, 2, 2, 1),
(643, 13, 34, 2, 2, 1),
(644, 14, 34, 2, 2, 1),
(645, 15, 34, 2, 2, 1),
(646, 16, 34, 2, 2, 1),
(647, 17, 34, 2, 2, 1),
(648, 18, 34, 2, 2, 1),
(649, 19, 34, 2, 2, 0),
(650, 20, 34, 2, 2, 0),
(651, 21, 34, 2, 2, 1),
(652, 1, 35, 2, 2, 1),
(653, 2, 35, 2, 2, 1),
(654, 3, 35, 2, 2, 1),
(655, 4, 35, 2, 2, 1),
(656, 5, 35, 2, 2, 1),
(657, 6, 35, 2, 2, 1),
(658, 7, 35, 2, 2, 1),
(659, 8, 35, 2, 2, 1),
(660, 9, 35, 2, 2, 0),
(661, 10, 35, 2, 2, 1),
(662, 11, 35, 2, 2, 1),
(663, 12, 35, 2, 2, 1),
(664, 13, 35, 2, 2, 1),
(665, 14, 35, 2, 2, 0),
(666, 15, 35, 2, 2, 1),
(667, 16, 35, 2, 2, 1),
(668, 17, 35, 2, 2, 1),
(669, 18, 35, 2, 2, 1),
(670, 19, 35, 2, 2, 1),
(671, 20, 35, 2, 2, 1),
(672, 21, 35, 2, 2, 0),
(673, 1, 36, 2, 2, 1),
(674, 2, 36, 2, 2, 1),
(675, 3, 36, 2, 2, 0),
(676, 4, 36, 2, 2, 0),
(677, 5, 36, 2, 2, 1),
(678, 6, 36, 2, 2, 1),
(679, 7, 36, 2, 2, 0),
(680, 8, 36, 2, 2, 0),
(681, 9, 36, 2, 2, 1),
(682, 10, 36, 2, 2, 1),
(683, 11, 36, 2, 2, 1),
(684, 12, 36, 2, 2, 0),
(685, 13, 36, 2, 2, 0),
(686, 14, 36, 2, 2, 1),
(687, 15, 36, 2, 2, 0),
(688, 16, 36, 2, 2, 1),
(689, 17, 36, 2, 2, 0),
(690, 18, 36, 2, 2, 1),
(691, 19, 36, 2, 2, 0),
(692, 20, 36, 2, 2, 0),
(693, 21, 36, 2, 2, 1),
(694, 1, 37, 2, 2, 1),
(695, 2, 37, 2, 2, 1),
(696, 3, 37, 2, 2, 1),
(697, 4, 37, 2, 2, 1),
(698, 5, 37, 2, 2, 0),
(699, 6, 37, 2, 2, 0),
(700, 7, 37, 2, 2, 1),
(701, 8, 37, 2, 2, 1),
(702, 9, 37, 2, 2, 1),
(703, 10, 37, 2, 2, 1),
(704, 11, 37, 2, 2, 1),
(705, 12, 37, 2, 2, 1),
(706, 13, 37, 2, 2, 1),
(707, 14, 37, 2, 2, 1),
(708, 15, 37, 2, 2, 0),
(709, 16, 37, 2, 2, 1),
(710, 17, 37, 2, 2, 1),
(711, 18, 37, 2, 2, 1),
(712, 19, 37, 2, 2, 1),
(713, 20, 37, 2, 2, 1),
(714, 21, 37, 2, 2, 0),
(715, 1, 38, 2, 2, 1),
(716, 2, 38, 2, 2, 1),
(717, 3, 38, 2, 2, 1),
(718, 4, 38, 2, 2, 1),
(719, 5, 38, 2, 2, 1),
(720, 6, 38, 2, 2, 1),
(721, 7, 38, 2, 2, 1),
(722, 8, 38, 2, 2, 1),
(723, 9, 38, 2, 2, 1),
(724, 10, 38, 2, 2, 0),
(725, 11, 38, 2, 2, 0),
(726, 12, 38, 2, 2, 0),
(727, 13, 38, 2, 2, 1),
(728, 14, 38, 2, 2, 0),
(729, 15, 38, 2, 2, 1),
(730, 16, 38, 2, 2, 1),
(731, 17, 38, 2, 2, 0),
(732, 18, 38, 2, 2, 1),
(733, 19, 38, 2, 2, 1),
(734, 20, 38, 2, 2, 0),
(735, 21, 38, 2, 2, 0),
(736, 1, 39, 2, 2, 1),
(737, 2, 39, 2, 2, 0),
(738, 3, 39, 2, 2, 1),
(739, 4, 39, 2, 2, 1),
(740, 1, 39, 2, 2, 1),
(741, 2, 39, 2, 2, 0),
(742, 3, 39, 2, 2, 1),
(743, 4, 39, 2, 2, 1),
(744, 5, 39, 2, 2, 1),
(745, 6, 39, 2, 2, 1),
(746, 7, 39, 2, 2, 1),
(747, 8, 39, 2, 2, 1),
(748, 9, 39, 2, 2, 1),
(749, 10, 39, 2, 2, 1),
(750, 11, 39, 2, 2, 0),
(751, 12, 39, 2, 2, 1),
(752, 13, 39, 2, 2, 0),
(753, 14, 39, 2, 2, 0),
(754, 15, 39, 2, 2, 0),
(755, 16, 39, 2, 2, 1),
(756, 17, 39, 2, 2, 1),
(757, 18, 39, 2, 2, 1),
(758, 19, 39, 2, 2, 0),
(759, 20, 39, 2, 2, 1),
(760, 21, 39, 2, 2, 1),
(761, 1, 40, 2, 2, 1),
(762, 2, 40, 2, 2, 1),
(763, 3, 40, 2, 2, 1),
(764, 4, 40, 2, 2, 1),
(765, 5, 40, 2, 2, 1),
(766, 6, 40, 2, 2, 1),
(767, 7, 40, 2, 2, 1),
(768, 8, 40, 2, 2, 1),
(769, 9, 40, 2, 2, 1),
(770, 10, 40, 2, 2, 1),
(771, 11, 40, 2, 2, 1),
(772, 12, 40, 2, 2, 1),
(773, 13, 40, 2, 2, 1),
(774, 14, 40, 2, 2, 1),
(775, 15, 40, 2, 2, 1),
(776, 16, 40, 2, 2, 1),
(777, 17, 40, 2, 2, 1),
(778, 18, 40, 2, 2, 1),
(779, 19, 40, 2, 2, 1),
(780, 20, 40, 2, 2, 0),
(781, 21, 40, 2, 2, 1),
(782, 1, 41, 2, 2, 1),
(783, 2, 41, 2, 2, 1),
(784, 3, 41, 2, 2, 1),
(785, 4, 41, 2, 2, 1),
(786, 5, 41, 2, 2, 1),
(787, 6, 41, 2, 2, 1),
(788, 7, 41, 2, 2, 1),
(789, 8, 41, 2, 2, 1),
(790, 9, 41, 2, 2, 1),
(791, 10, 41, 2, 2, 1),
(792, 11, 41, 2, 2, 1),
(793, 12, 41, 2, 2, 1),
(794, 13, 41, 2, 2, 1),
(795, 14, 41, 2, 2, 1),
(796, 15, 41, 2, 2, 1),
(797, 16, 41, 2, 2, 1),
(798, 17, 41, 2, 2, 1),
(799, 18, 41, 2, 2, 1),
(800, 19, 41, 2, 2, 1),
(801, 20, 41, 2, 2, 1),
(802, 21, 41, 2, 2, 1),
(803, 1, 42, 2, 2, 1),
(804, 2, 42, 2, 2, 1),
(805, 3, 42, 2, 2, 1),
(806, 4, 42, 2, 2, 1),
(807, 5, 42, 2, 2, 1),
(808, 6, 42, 2, 2, 1),
(809, 7, 42, 2, 2, 1),
(810, 8, 42, 2, 2, 1),
(811, 9, 42, 2, 2, 1),
(812, 10, 42, 2, 2, 1),
(813, 11, 42, 2, 2, 1),
(814, 12, 42, 2, 2, 1),
(815, 13, 42, 2, 2, 1),
(816, 14, 42, 2, 2, 1),
(817, 15, 42, 2, 2, 1),
(818, 16, 42, 2, 2, 1),
(819, 17, 42, 2, 2, 1),
(820, 18, 42, 2, 2, 1),
(821, 19, 42, 2, 2, 0),
(822, 20, 42, 2, 2, 1),
(823, 21, 42, 2, 2, 1),
(824, 1, 43, 2, 2, 1),
(825, 2, 43, 2, 2, 1),
(826, 3, 43, 2, 2, 1),
(827, 4, 43, 2, 2, 1),
(828, 5, 43, 2, 2, 1),
(829, 6, 43, 2, 2, 1),
(830, 7, 43, 2, 2, 0),
(831, 8, 43, 2, 2, 1),
(832, 9, 43, 2, 2, 1),
(833, 10, 43, 2, 2, 1),
(834, 11, 43, 2, 2, 0),
(835, 12, 43, 2, 2, 1),
(836, 13, 43, 2, 2, 0),
(837, 14, 43, 2, 2, 1),
(838, 15, 43, 2, 2, 1),
(839, 16, 43, 2, 2, 1),
(840, 17, 43, 2, 2, 1),
(841, 18, 43, 2, 2, 0),
(842, 19, 43, 2, 2, 1),
(843, 20, 43, 2, 2, 1),
(844, 21, 43, 2, 2, 1),
(845, 1, 44, 2, 2, 1),
(846, 2, 44, 2, 2, 1),
(847, 3, 44, 2, 2, 1),
(848, 4, 44, 2, 2, 1),
(849, 5, 44, 2, 2, 1),
(850, 6, 44, 2, 2, 1),
(851, 7, 44, 2, 2, 1),
(852, 8, 44, 2, 2, 1),
(853, 9, 44, 2, 2, 0),
(854, 10, 44, 2, 2, 1),
(855, 11, 44, 2, 2, 1),
(856, 12, 44, 2, 2, 1),
(857, 13, 44, 2, 2, 1),
(858, 14, 44, 2, 2, 1),
(859, 15, 44, 2, 2, 0),
(860, 16, 44, 2, 2, 1),
(861, 17, 44, 2, 2, 0),
(862, 18, 44, 2, 2, 1),
(863, 19, 44, 2, 2, 1),
(864, 20, 44, 2, 2, 1),
(865, 21, 44, 2, 2, 1),
(866, 1, 45, 2, 2, 1),
(867, 2, 45, 2, 2, 1),
(868, 3, 45, 2, 2, 1),
(869, 4, 45, 2, 2, 1),
(870, 5, 45, 2, 2, 1),
(871, 6, 45, 2, 2, 1),
(872, 7, 45, 2, 2, 1),
(873, 8, 45, 2, 2, 1),
(874, 9, 45, 2, 2, 1),
(875, 10, 45, 2, 2, 1),
(876, 11, 45, 2, 2, 1),
(877, 12, 45, 2, 2, 1),
(878, 13, 45, 2, 2, 1),
(879, 14, 45, 2, 2, 0),
(880, 15, 45, 2, 2, 1),
(881, 16, 45, 2, 2, 1),
(882, 17, 45, 2, 2, 1),
(883, 18, 45, 2, 2, 1),
(884, 19, 45, 2, 2, 1),
(885, 20, 45, 2, 2, 1),
(886, 21, 45, 2, 2, 1),
(887, 1, 46, 2, 2, 1),
(888, 2, 46, 2, 2, 1),
(889, 3, 46, 2, 2, 1),
(890, 4, 46, 2, 2, 1),
(891, 5, 46, 2, 2, 1),
(892, 6, 46, 2, 2, 1),
(893, 7, 46, 2, 2, 1),
(894, 8, 46, 2, 2, 1),
(895, 9, 46, 2, 2, 1),
(896, 10, 46, 2, 2, 1),
(897, 11, 46, 2, 2, 1),
(898, 12, 46, 2, 2, 1),
(899, 13, 46, 2, 2, 1),
(900, 14, 46, 2, 2, 0),
(901, 15, 46, 2, 2, 1),
(902, 16, 46, 2, 2, 1),
(903, 17, 46, 2, 2, 1),
(904, 18, 46, 2, 2, 1),
(905, 19, 46, 2, 2, 1),
(906, 20, 46, 2, 2, 1),
(907, 21, 46, 2, 2, 1),
(908, 1, 47, 2, 2, 1),
(909, 2, 47, 2, 2, 1),
(910, 3, 47, 2, 2, 1),
(911, 4, 47, 2, 2, 1),
(912, 5, 47, 2, 2, 1),
(913, 6, 47, 2, 2, 1),
(914, 7, 47, 2, 2, 1),
(915, 8, 47, 2, 2, 1),
(916, 9, 47, 2, 2, 1),
(917, 10, 47, 2, 2, 1),
(918, 11, 47, 2, 2, 1),
(919, 12, 47, 2, 2, 1),
(920, 13, 47, 2, 2, 1),
(921, 14, 47, 2, 2, 1),
(922, 15, 47, 2, 2, 1),
(923, 16, 47, 2, 2, 1),
(924, 17, 47, 2, 2, 1),
(925, 18, 47, 2, 2, 1),
(926, 19, 47, 2, 2, 1),
(927, 20, 47, 2, 2, 1),
(928, 21, 47, 2, 2, 1),
(929, 1, 48, 2, 2, 0),
(930, 2, 48, 2, 2, 1),
(931, 3, 48, 2, 2, 1),
(932, 4, 48, 2, 2, 1),
(933, 5, 48, 2, 2, 1),
(934, 6, 48, 2, 2, 1),
(935, 7, 48, 2, 2, 1),
(936, 8, 48, 2, 2, 1),
(937, 9, 48, 2, 2, 1),
(938, 10, 48, 2, 2, 0),
(939, 11, 48, 2, 2, 1),
(940, 12, 48, 2, 2, 1),
(941, 13, 48, 2, 2, 1),
(942, 14, 48, 2, 2, 1),
(943, 15, 48, 2, 2, 1),
(944, 16, 48, 2, 2, 1),
(945, 17, 48, 2, 2, 1),
(946, 18, 48, 2, 2, 1),
(947, 19, 48, 2, 2, 1),
(948, 20, 48, 2, 2, 1),
(949, 21, 48, 2, 2, 0),
(950, 1, 49, 2, 2, 1),
(951, 2, 49, 2, 2, 1),
(952, 3, 49, 2, 2, 1),
(953, 4, 49, 2, 2, 1),
(954, 5, 49, 2, 2, 1),
(955, 6, 49, 2, 2, 0),
(956, 7, 49, 2, 2, 1),
(957, 8, 49, 2, 2, 1),
(958, 9, 49, 2, 2, 1),
(959, 10, 49, 2, 2, 1),
(960, 11, 49, 2, 2, 1),
(961, 12, 49, 2, 2, 1),
(962, 13, 49, 2, 2, 0),
(963, 14, 49, 2, 2, 1),
(964, 15, 49, 2, 2, 1),
(965, 16, 49, 2, 2, 1),
(966, 17, 49, 2, 2, 1),
(967, 18, 49, 2, 2, 0),
(968, 19, 49, 2, 2, 1),
(969, 20, 49, 2, 2, 1),
(970, 21, 49, 2, 2, 1),
(971, 1, 50, 2, 2, 1),
(972, 2, 50, 2, 2, 1),
(973, 3, 50, 2, 2, 1),
(974, 4, 50, 2, 2, 1),
(975, 5, 50, 2, 2, 1),
(976, 6, 50, 2, 2, 1),
(977, 7, 50, 2, 2, 1),
(978, 8, 50, 2, 2, 1),
(979, 9, 50, 2, 2, 1),
(980, 10, 50, 2, 2, 1),
(981, 11, 50, 2, 2, 1),
(982, 12, 50, 2, 2, 1),
(983, 13, 50, 2, 2, 1),
(984, 14, 50, 2, 2, 1),
(985, 15, 50, 2, 2, 1),
(986, 16, 50, 2, 2, 1),
(987, 17, 50, 2, 2, 1),
(988, 18, 50, 2, 2, 0),
(989, 19, 50, 2, 2, 1),
(990, 20, 50, 2, 2, 1),
(991, 21, 50, 2, 2, 1),
(992, 1, 51, 2, 2, 1),
(993, 2, 51, 2, 2, 1),
(994, 3, 51, 2, 2, 1),
(995, 4, 51, 2, 2, 1),
(996, 5, 51, 2, 2, 0),
(997, 6, 51, 2, 2, 1),
(998, 7, 51, 2, 2, 1),
(999, 8, 51, 2, 2, 1),
(1000, 9, 51, 2, 2, 1),
(1001, 10, 51, 2, 2, 1),
(1002, 11, 51, 2, 2, 1),
(1003, 12, 51, 2, 2, 0),
(1004, 13, 51, 2, 2, 1),
(1005, 14, 51, 2, 2, 0),
(1006, 15, 51, 2, 2, 1),
(1007, 16, 51, 2, 2, 1),
(1008, 17, 51, 2, 2, 1),
(1009, 18, 51, 2, 2, 1),
(1010, 19, 51, 2, 2, 0),
(1011, 20, 51, 2, 2, 1),
(1012, 21, 51, 2, 2, 1),
(1013, 1, 52, 2, 2, 1),
(1014, 2, 52, 2, 2, 1),
(1015, 3, 52, 2, 2, 1),
(1016, 4, 52, 2, 2, 1),
(1017, 5, 52, 2, 2, 1),
(1018, 6, 52, 2, 2, 1),
(1019, 7, 52, 2, 2, 1),
(1020, 8, 52, 2, 2, 1),
(1021, 9, 52, 2, 2, 1),
(1022, 10, 52, 2, 2, 1),
(1023, 11, 52, 2, 2, 1),
(1024, 12, 52, 2, 2, 1),
(1025, 13, 52, 2, 2, 1),
(1026, 14, 52, 2, 2, 1),
(1027, 15, 52, 2, 2, 1),
(1028, 16, 52, 2, 2, 1),
(1029, 17, 52, 2, 2, 1),
(1030, 18, 52, 2, 2, 0),
(1031, 19, 52, 2, 2, 1),
(1032, 20, 52, 2, 2, 1),
(1033, 21, 52, 2, 2, 1),
(1034, 1, 53, 2, 2, 1),
(1035, 2, 53, 2, 2, 1),
(1036, 3, 53, 2, 2, 1),
(1037, 4, 53, 2, 2, 1),
(1038, 5, 53, 2, 2, 1),
(1039, 6, 53, 2, 2, 1),
(1040, 7, 53, 2, 2, 1),
(1041, 8, 53, 2, 2, 1),
(1042, 9, 53, 2, 2, 1),
(1043, 10, 53, 2, 2, 1),
(1044, 11, 53, 2, 2, 1),
(1045, 12, 53, 2, 2, 1),
(1046, 13, 53, 2, 2, 1),
(1047, 14, 53, 2, 2, 1),
(1048, 15, 53, 2, 2, 1),
(1049, 16, 53, 2, 2, 1),
(1050, 17, 53, 2, 2, 1),
(1051, 18, 53, 2, 2, 1),
(1052, 19, 53, 2, 2, 1),
(1053, 20, 53, 2, 2, 1),
(1054, 21, 53, 2, 2, 1),
(1055, 1, 54, 2, 2, 1),
(1056, 2, 54, 2, 2, 1),
(1057, 3, 54, 2, 2, 1),
(1058, 4, 54, 2, 2, 1),
(1059, 5, 54, 2, 2, 1),
(1060, 6, 54, 2, 2, 1),
(1061, 7, 54, 2, 2, 1),
(1062, 8, 54, 2, 2, 1),
(1063, 9, 54, 2, 2, 1),
(1064, 10, 54, 2, 2, 1),
(1065, 11, 54, 2, 2, 1),
(1066, 12, 54, 2, 2, 1),
(1067, 13, 54, 2, 2, 1),
(1068, 14, 54, 2, 2, 1),
(1069, 15, 54, 2, 2, 1),
(1070, 16, 54, 2, 2, 1),
(1071, 17, 54, 2, 2, 1),
(1072, 18, 54, 2, 2, 1),
(1073, 19, 54, 2, 2, 1),
(1074, 20, 54, 2, 2, 1),
(1075, 21, 54, 2, 2, 1),
(1076, 1, 56, 2, 3, 1),
(1077, 2, 56, 2, 3, 1),
(1078, 3, 56, 2, 3, 1),
(1079, 4, 56, 2, 3, 1),
(1080, 5, 56, 2, 3, 1),
(1081, 6, 56, 2, 3, 1),
(1082, 7, 56, 2, 3, 1),
(1083, 8, 56, 2, 3, 1),
(1084, 9, 56, 2, 3, 1),
(1085, 10, 56, 2, 3, 0),
(1086, 11, 56, 2, 3, 1),
(1087, 12, 56, 2, 3, 1),
(1088, 13, 56, 2, 3, 1),
(1089, 14, 56, 2, 3, 1),
(1090, 15, 56, 2, 3, 0),
(1091, 16, 56, 2, 3, 0),
(1092, 17, 56, 2, 3, 1),
(1093, 18, 56, 2, 3, 0),
(1094, 19, 56, 2, 3, 1),
(1095, 20, 56, 2, 3, 1),
(1096, 21, 56, 2, 3, 0),
(1097, 1, 57, 2, 3, 1),
(1098, 2, 57, 2, 3, 1),
(1099, 3, 57, 2, 3, 1),
(1100, 4, 57, 2, 3, 1),
(1101, 5, 57, 2, 3, 1),
(1102, 6, 57, 2, 3, 1),
(1103, 7, 57, 2, 3, 1),
(1104, 8, 57, 2, 3, 1),
(1105, 9, 57, 2, 3, 1),
(1106, 10, 57, 2, 3, 1),
(1107, 11, 57, 2, 3, 1),
(1108, 12, 57, 2, 3, 1),
(1109, 13, 57, 2, 3, 1),
(1110, 14, 57, 2, 3, 1),
(1111, 15, 57, 2, 3, 0),
(1112, 16, 57, 2, 3, 0),
(1113, 17, 57, 2, 3, 1),
(1114, 18, 57, 2, 3, 1),
(1115, 19, 57, 2, 3, 1),
(1116, 20, 57, 2, 3, 1),
(1117, 21, 57, 2, 3, 0),
(1118, 1, 58, 2, 3, 1),
(1119, 2, 58, 2, 3, 1),
(1120, 3, 58, 2, 3, 1),
(1121, 4, 58, 2, 3, 1),
(1122, 5, 58, 2, 3, 0),
(1123, 6, 58, 2, 3, 1),
(1124, 7, 58, 2, 3, 1),
(1125, 8, 58, 2, 3, 1),
(1126, 9, 58, 2, 3, 1),
(1127, 10, 58, 2, 3, 0),
(1128, 11, 58, 2, 3, 1),
(1129, 12, 58, 2, 3, 1),
(1130, 13, 58, 2, 3, 1),
(1131, 14, 58, 2, 3, 1),
(1132, 15, 58, 2, 3, 1),
(1133, 16, 58, 2, 3, 1),
(1134, 17, 58, 2, 3, 1),
(1135, 18, 58, 2, 3, 1),
(1136, 19, 58, 2, 3, 0),
(1137, 20, 58, 2, 3, 1),
(1138, 21, 58, 2, 3, 1),
(1139, 1, 59, 2, 3, 1),
(1140, 2, 59, 2, 3, 1),
(1141, 3, 59, 2, 3, 1),
(1142, 4, 59, 2, 3, 1),
(1143, 5, 59, 2, 3, 1),
(1144, 6, 59, 2, 3, 1),
(1145, 7, 59, 2, 3, 1),
(1146, 8, 59, 2, 3, 1),
(1147, 9, 59, 2, 3, 1),
(1148, 10, 59, 2, 3, 1),
(1149, 11, 59, 2, 3, 1),
(1150, 12, 59, 2, 3, 1),
(1151, 13, 59, 2, 3, 1),
(1152, 14, 59, 2, 3, 1),
(1153, 15, 59, 2, 3, 0),
(1154, 16, 59, 2, 3, 1),
(1155, 17, 59, 2, 3, 1),
(1156, 18, 59, 2, 3, 1),
(1157, 19, 59, 2, 3, 1),
(1158, 20, 59, 2, 3, 1),
(1159, 21, 59, 2, 3, 0),
(1160, 1, 60, 2, 3, 1),
(1161, 2, 60, 2, 3, 1),
(1162, 3, 60, 2, 3, 1),
(1163, 4, 60, 2, 3, 1),
(1164, 5, 60, 2, 3, 1),
(1165, 6, 60, 2, 3, 1),
(1166, 7, 60, 2, 3, 1),
(1167, 8, 60, 2, 3, 1),
(1168, 9, 60, 2, 3, 1),
(1169, 10, 60, 2, 3, 1),
(1170, 11, 60, 2, 3, 1),
(1171, 12, 60, 2, 3, 1),
(1172, 13, 60, 2, 3, 1),
(1173, 14, 60, 2, 3, 1),
(1174, 15, 60, 2, 3, 1),
(1175, 16, 60, 2, 3, 1),
(1176, 17, 60, 2, 3, 1),
(1177, 18, 60, 2, 3, 1),
(1178, 19, 60, 2, 3, 1),
(1179, 20, 60, 2, 3, 1),
(1180, 21, 60, 2, 3, 1),
(1181, 1, 61, 2, 3, 1),
(1182, 2, 61, 2, 3, 0),
(1183, 3, 61, 2, 3, 1),
(1184, 4, 61, 2, 3, 1),
(1185, 5, 61, 2, 3, 1),
(1186, 6, 61, 2, 3, 1),
(1187, 7, 61, 2, 3, 1),
(1188, 8, 61, 2, 3, 1),
(1189, 9, 61, 2, 3, 1),
(1190, 10, 61, 2, 3, 1),
(1191, 11, 61, 2, 3, 1),
(1192, 12, 61, 2, 3, 1),
(1193, 13, 61, 2, 3, 1),
(1194, 14, 61, 2, 3, 1),
(1195, 15, 61, 2, 3, 1),
(1196, 16, 61, 2, 3, 1),
(1197, 17, 61, 2, 3, 1),
(1198, 18, 61, 2, 3, 1),
(1199, 19, 61, 2, 3, 1),
(1200, 20, 61, 2, 3, 1),
(1201, 21, 61, 2, 3, 1),
(1202, 1, 62, 2, 3, 1),
(1203, 2, 62, 2, 3, 1),
(1204, 3, 62, 2, 3, 1),
(1205, 4, 62, 2, 3, 1),
(1206, 5, 62, 2, 3, 1),
(1207, 6, 62, 2, 3, 1),
(1208, 7, 62, 2, 3, 1),
(1209, 8, 62, 2, 3, 1),
(1210, 9, 62, 2, 3, 1),
(1211, 10, 62, 2, 3, 1),
(1212, 11, 62, 2, 3, 1),
(1213, 12, 62, 2, 3, 1),
(1214, 13, 62, 2, 3, 1),
(1215, 14, 62, 2, 3, 1),
(1216, 15, 62, 2, 3, 1),
(1217, 16, 62, 2, 3, 0),
(1218, 17, 62, 2, 3, 1),
(1219, 18, 62, 2, 3, 1),
(1220, 19, 62, 2, 3, 1),
(1221, 20, 62, 2, 3, 1),
(1222, 21, 62, 2, 3, 1),
(1223, 1, 63, 2, 3, 1),
(1224, 2, 63, 2, 3, 1),
(1225, 3, 63, 2, 3, 1),
(1226, 4, 63, 2, 3, 1),
(1227, 5, 63, 2, 3, 1),
(1228, 6, 63, 2, 3, 1),
(1229, 7, 63, 2, 3, 1),
(1230, 8, 63, 2, 3, 1),
(1231, 9, 63, 2, 3, 1),
(1232, 10, 63, 2, 3, 0),
(1233, 11, 63, 2, 3, 1),
(1234, 12, 63, 2, 3, 1),
(1235, 13, 63, 2, 3, 1),
(1236, 14, 63, 2, 3, 1),
(1237, 15, 63, 2, 3, 0),
(1238, 16, 63, 2, 3, 1),
(1239, 17, 63, 2, 3, 1),
(1240, 18, 63, 2, 3, 0),
(1241, 19, 63, 2, 3, 1),
(1242, 20, 63, 2, 3, 1),
(1243, 21, 63, 2, 3, 1),
(1244, 1, 64, 2, 3, 1),
(1245, 2, 64, 2, 3, 1),
(1246, 3, 64, 2, 3, 1),
(1247, 4, 64, 2, 3, 0),
(1248, 5, 64, 2, 3, 1),
(1249, 6, 64, 2, 3, 1),
(1250, 7, 64, 2, 3, 1),
(1251, 8, 64, 2, 3, 1),
(1252, 9, 64, 2, 3, 1),
(1253, 10, 64, 2, 3, 1),
(1254, 11, 64, 2, 3, 1),
(1255, 12, 64, 2, 3, 1),
(1256, 13, 64, 2, 3, 1),
(1257, 14, 64, 2, 3, 1),
(1258, 15, 64, 2, 3, 1),
(1259, 16, 64, 2, 3, 1),
(1260, 17, 64, 2, 3, 1),
(1261, 18, 64, 2, 3, 1),
(1262, 19, 64, 2, 3, 1),
(1263, 20, 64, 2, 3, 1),
(1264, 21, 64, 2, 3, 0),
(1265, 1, 65, 2, 3, 1),
(1266, 2, 65, 2, 3, 1),
(1267, 3, 65, 2, 3, 1),
(1268, 4, 65, 2, 3, 1),
(1269, 5, 65, 2, 3, 1),
(1270, 6, 65, 2, 3, 1),
(1271, 7, 65, 2, 3, 1),
(1272, 8, 65, 2, 3, 1),
(1273, 9, 65, 2, 3, 1),
(1274, 10, 65, 2, 3, 0),
(1275, 11, 65, 2, 3, 1),
(1276, 12, 65, 2, 3, 1),
(1277, 13, 65, 2, 3, 1),
(1278, 14, 65, 2, 3, 1),
(1279, 15, 65, 2, 3, 0),
(1280, 16, 65, 2, 3, 1),
(1281, 17, 65, 2, 3, 1),
(1282, 18, 65, 2, 3, 1),
(1283, 19, 65, 2, 3, 1),
(1284, 20, 65, 2, 3, 1),
(1285, 21, 65, 2, 3, 1),
(1286, 1, 66, 2, 3, 1),
(1287, 2, 66, 2, 3, 1),
(1288, 3, 66, 2, 3, 1),
(1289, 4, 66, 2, 3, 1),
(1290, 5, 66, 2, 3, 1),
(1291, 6, 66, 2, 3, 1),
(1292, 7, 66, 2, 3, 1),
(1293, 8, 66, 2, 3, 1),
(1294, 9, 66, 2, 3, 1),
(1295, 10, 66, 2, 3, 1),
(1296, 11, 66, 2, 3, 1),
(1297, 12, 66, 2, 3, 1),
(1298, 13, 66, 2, 3, 1),
(1299, 14, 66, 2, 3, 1),
(1300, 15, 66, 2, 3, 0),
(1301, 16, 66, 2, 3, 1),
(1302, 17, 66, 2, 3, 1),
(1303, 18, 66, 2, 3, 1),
(1304, 19, 66, 2, 3, 1),
(1305, 20, 66, 2, 3, 1),
(1306, 21, 66, 2, 3, 0),
(1307, 1, 67, 2, 3, 1),
(1308, 2, 67, 2, 3, 1),
(1309, 3, 67, 2, 3, 1),
(1310, 4, 67, 2, 3, 1),
(1311, 5, 67, 2, 3, 1),
(1312, 6, 67, 2, 3, 1),
(1313, 7, 67, 2, 3, 1),
(1314, 8, 67, 2, 3, 1),
(1315, 9, 67, 2, 3, 1),
(1316, 10, 67, 2, 3, 1),
(1317, 11, 67, 2, 3, 1),
(1318, 12, 67, 2, 3, 1),
(1319, 13, 67, 2, 3, 1),
(1320, 14, 67, 2, 3, 0),
(1321, 15, 67, 2, 3, 1),
(1322, 16, 67, 2, 3, 1),
(1323, 17, 67, 2, 3, 1),
(1324, 18, 67, 2, 3, 1),
(1325, 19, 67, 2, 3, 1),
(1326, 20, 67, 2, 3, 1),
(1327, 21, 67, 2, 3, 1),
(1328, 1, 68, 2, 3, 1),
(1329, 2, 68, 2, 3, 1),
(1330, 3, 68, 2, 3, 1),
(1331, 4, 68, 2, 3, 1),
(1332, 5, 68, 2, 3, 1),
(1333, 6, 68, 2, 3, 1),
(1334, 7, 68, 2, 3, 1),
(1335, 8, 68, 2, 3, 1),
(1336, 9, 68, 2, 3, 1),
(1337, 10, 68, 2, 3, 1),
(1338, 11, 68, 2, 3, 1),
(1339, 12, 68, 2, 3, 1),
(1340, 13, 68, 2, 3, 1),
(1341, 14, 68, 2, 3, 1),
(1342, 15, 68, 2, 3, 1),
(1343, 16, 68, 2, 3, 1),
(1344, 17, 68, 2, 3, 1),
(1345, 18, 68, 2, 3, 1),
(1346, 19, 68, 2, 3, 1),
(1347, 20, 68, 2, 3, 1),
(1348, 21, 68, 2, 3, 1),
(1349, 1, 69, 2, 3, 1),
(1350, 2, 69, 2, 3, 0),
(1351, 3, 69, 2, 3, 1),
(1352, 4, 69, 2, 3, 1),
(1353, 5, 69, 2, 3, 1),
(1354, 6, 69, 2, 3, 0),
(1355, 7, 69, 2, 3, 1),
(1356, 8, 69, 2, 3, 1),
(1357, 9, 69, 2, 3, 1),
(1358, 10, 69, 2, 3, 1),
(1359, 11, 69, 2, 3, 1),
(1360, 12, 69, 2, 3, 1),
(1361, 13, 69, 2, 3, 1),
(1362, 14, 69, 2, 3, 1),
(1363, 15, 69, 2, 3, 1),
(1364, 16, 69, 2, 3, 1),
(1365, 17, 69, 2, 3, 1),
(1366, 18, 69, 2, 3, 1),
(1367, 19, 69, 2, 3, 1),
(1368, 20, 69, 2, 3, 1),
(1369, 21, 69, 2, 3, 1),
(1370, 1, 70, 2, 3, 1),
(1371, 2, 70, 2, 3, 1),
(1372, 3, 70, 2, 3, 1),
(1373, 4, 70, 2, 3, 1),
(1374, 5, 70, 2, 3, 1),
(1375, 6, 70, 2, 3, 1),
(1376, 7, 70, 2, 3, 1),
(1377, 8, 70, 2, 3, 1),
(1378, 9, 70, 2, 3, 1),
(1379, 10, 70, 2, 3, 1),
(1380, 11, 70, 2, 3, 1),
(1381, 12, 70, 2, 3, 1),
(1382, 13, 70, 2, 3, 1),
(1383, 14, 70, 2, 3, 0),
(1384, 15, 70, 2, 3, 1),
(1385, 16, 70, 2, 3, 1),
(1386, 17, 70, 2, 3, 1),
(1387, 18, 70, 2, 3, 0),
(1388, 19, 70, 2, 3, 1),
(1389, 20, 70, 2, 3, 1),
(1390, 21, 70, 2, 3, 1),
(1391, 1, 71, 2, 3, 1),
(1392, 2, 71, 2, 3, 1),
(1393, 3, 71, 2, 3, 1),
(1394, 4, 71, 2, 3, 1),
(1395, 5, 71, 2, 3, 1),
(1396, 6, 71, 2, 3, 1),
(1397, 7, 71, 2, 3, 1),
(1398, 8, 71, 2, 3, 1),
(1399, 9, 71, 2, 3, 1),
(1400, 10, 71, 2, 3, 1),
(1401, 11, 71, 2, 3, 1),
(1402, 12, 71, 2, 3, 1),
(1403, 13, 71, 2, 3, 1),
(1404, 14, 71, 2, 3, 1),
(1405, 15, 71, 2, 3, 1),
(1406, 16, 71, 2, 3, 1),
(1407, 17, 71, 2, 3, 1),
(1408, 18, 71, 2, 3, 1),
(1409, 19, 71, 2, 3, 1),
(1410, 20, 71, 2, 3, 1),
(1411, 21, 71, 2, 3, 1),
(1412, 1, 72, 2, 3, 1),
(1413, 2, 72, 2, 3, 1),
(1414, 3, 72, 2, 3, 1),
(1415, 4, 72, 2, 3, 1),
(1416, 5, 72, 2, 3, 1),
(1417, 6, 72, 2, 3, 1),
(1418, 7, 72, 2, 3, 1),
(1419, 8, 72, 2, 3, 1),
(1420, 9, 72, 2, 3, 1),
(1421, 10, 72, 2, 3, 1),
(1422, 11, 72, 2, 3, 1),
(1423, 12, 72, 2, 3, 1),
(1424, 13, 72, 2, 3, 1),
(1425, 14, 72, 2, 3, 1),
(1426, 15, 72, 2, 3, 1),
(1427, 16, 72, 2, 3, 1),
(1428, 17, 72, 2, 3, 1),
(1429, 18, 72, 2, 3, 1),
(1430, 19, 72, 2, 3, 1),
(1431, 20, 72, 2, 3, 1),
(1432, 21, 72, 2, 3, 1),
(1433, 1, 73, 2, 3, 1),
(1434, 2, 73, 2, 3, 1),
(1435, 3, 73, 2, 3, 1),
(1436, 4, 73, 2, 3, 1),
(1437, 5, 73, 2, 3, 1),
(1438, 6, 73, 2, 3, 1),
(1439, 7, 73, 2, 3, 1),
(1440, 8, 73, 2, 3, 1),
(1441, 9, 73, 2, 3, 1),
(1442, 10, 73, 2, 3, 1),
(1443, 11, 73, 2, 3, 1),
(1444, 12, 73, 2, 3, 1),
(1445, 13, 73, 2, 3, 1),
(1446, 14, 73, 2, 3, 1),
(1447, 15, 73, 2, 3, 1),
(1448, 16, 73, 2, 3, 0),
(1449, 17, 73, 2, 3, 1),
(1450, 18, 73, 2, 3, 1),
(1451, 19, 73, 2, 3, 1),
(1452, 20, 73, 2, 3, 1),
(1453, 21, 73, 2, 3, 1),
(1454, 1, 74, 2, 3, 1),
(1455, 2, 74, 2, 3, 1),
(1456, 3, 74, 2, 3, 1),
(1457, 4, 74, 2, 3, 1),
(1458, 5, 74, 2, 3, 1),
(1459, 6, 74, 2, 3, 1),
(1460, 7, 74, 2, 3, 1),
(1461, 8, 74, 2, 3, 1),
(1462, 9, 74, 2, 3, 1),
(1463, 10, 74, 2, 3, 1),
(1464, 11, 74, 2, 3, 1),
(1465, 12, 74, 2, 3, 1),
(1466, 13, 74, 2, 3, 1),
(1467, 14, 74, 2, 3, 1),
(1468, 15, 74, 2, 3, 0),
(1469, 16, 74, 2, 3, 1),
(1470, 17, 74, 2, 3, 1),
(1471, 18, 74, 2, 3, 1),
(1472, 19, 74, 2, 3, 0),
(1473, 20, 74, 2, 3, 1),
(1474, 21, 74, 2, 3, 1),
(1475, 1, 75, 2, 3, 1),
(1476, 2, 75, 2, 3, 1),
(1477, 3, 75, 2, 3, 1),
(1478, 4, 75, 2, 3, 1),
(1479, 5, 75, 2, 3, 1),
(1480, 6, 75, 2, 3, 1),
(1481, 7, 75, 2, 3, 1),
(1482, 8, 75, 2, 3, 1),
(1483, 9, 75, 2, 3, 1),
(1484, 10, 75, 2, 3, 1),
(1485, 11, 75, 2, 3, 1),
(1486, 12, 75, 2, 3, 1),
(1487, 13, 75, 2, 3, 1),
(1488, 14, 75, 2, 3, 1),
(1489, 15, 75, 2, 3, 1),
(1490, 16, 75, 2, 3, 1),
(1491, 17, 75, 2, 3, 1),
(1492, 18, 75, 2, 3, 1),
(1493, 19, 75, 2, 3, 1),
(1494, 20, 75, 2, 3, 1),
(1495, 21, 75, 2, 3, 0),
(1496, 1, 76, 2, 3, 1),
(1497, 2, 76, 2, 3, 1),
(1498, 3, 76, 2, 3, 1),
(1499, 4, 76, 2, 3, 1),
(1500, 5, 76, 2, 3, 1),
(1501, 6, 76, 2, 3, 1),
(1502, 7, 76, 2, 3, 1),
(1503, 8, 76, 2, 3, 1),
(1504, 9, 76, 2, 3, 1),
(1505, 10, 76, 2, 3, 1),
(1506, 11, 76, 2, 3, 1),
(1507, 12, 76, 2, 3, 1),
(1508, 13, 76, 2, 3, 1),
(1509, 14, 76, 2, 3, 1),
(1510, 15, 76, 2, 3, 1),
(1511, 16, 76, 2, 3, 1),
(1512, 17, 76, 2, 3, 1),
(1513, 18, 76, 2, 3, 1),
(1514, 19, 76, 2, 3, 1),
(1515, 20, 76, 2, 3, 1),
(1516, 21, 76, 2, 3, 1),
(1517, 1, 33, 2, 1, 0),
(1518, 2, 33, 2, 1, 1),
(1519, 3, 33, 2, 1, 1),
(1520, 4, 33, 2, 1, 1),
(1521, 5, 33, 2, 1, 0),
(1522, 6, 33, 2, 1, 1),
(1523, 7, 33, 2, 1, 1),
(1524, 8, 33, 2, 1, 1),
(1525, 9, 33, 2, 1, 1),
(1526, 10, 33, 2, 1, 1),
(1527, 11, 33, 2, 1, 1),
(1528, 12, 33, 2, 1, 0),
(1529, 13, 33, 2, 1, 1),
(1530, 14, 33, 2, 1, 1),
(1531, 15, 33, 2, 1, 1),
(1532, 16, 33, 2, 1, 1),
(1533, 17, 33, 2, 1, 0),
(1534, 18, 33, 2, 1, 1),
(1535, 19, 33, 2, 1, 1),
(1536, 20, 33, 2, 1, 1),
(1537, 21, 33, 2, 1, 1),
(1538, 1, 55, 2, 2, 1),
(1539, 2, 55, 2, 2, 1),
(1540, 3, 55, 2, 2, 1),
(1541, 4, 55, 2, 2, 1),
(1542, 5, 55, 2, 2, 1),
(1543, 6, 55, 2, 2, 1),
(1544, 7, 55, 2, 2, 1),
(1545, 8, 55, 2, 2, 1),
(1546, 9, 55, 2, 2, 1),
(1547, 10, 55, 2, 2, 1),
(1548, 11, 55, 2, 2, 1),
(1549, 12, 55, 2, 2, 1),
(1550, 13, 55, 2, 2, 1),
(1551, 14, 55, 2, 2, 0),
(1552, 15, 55, 2, 2, 1),
(1553, 16, 55, 2, 2, 1),
(1554, 17, 55, 2, 2, 0),
(1555, 18, 55, 2, 2, 1),
(1556, 19, 55, 2, 2, 0),
(1557, 20, 55, 2, 2, 1),
(1558, 21, 55, 2, 2, 1);

-- --------------------------------------------------------

--
-- Table structure for table `tb_komp`
--

CREATE TABLE `tb_komp` (
  `id_komp` int(10) NOT NULL,
  `nama_komp` varchar(150) NOT NULL,
  `detail` varchar(150) NOT NULL
) ENGINE=InnoDB DEFAULT CHARSET=latin1 ROW_FORMAT=COMPACT;

--
-- Dumping data for table `tb_komp`
--

INSERT INTO `tb_komp` (`id_komp`, `nama_komp`, `detail`) VALUES
(1, 'Learnability', 'Kemudahan (Learnability) adalah komponen yang mengukur seberapa cepat pengguna mahir dalam menggunakan sistem, serta kemudahan dalam penggunaan mengop'),
(2, 'Efficiency', 'Efisiensi (Efficiency) merupakan sebagai sumber daya yang dikeluarkan guna mencapai ketepatan dan kelengkapan tujuan dalam mengakses sistem.'),
(3, 'Memorability', 'Mudah diingat (Memorability) bagaimana kemampuan pengguna mempertahankan pengetahuannya setelah jangka waktu tertentu, kemampuan mengingat didapatkan '),
(4, 'Errors', 'Kesalahan & keamanan (Errors) adalah kesalahan-kesalahan apa saja yang dibuat pengguna, kesalahan yang dibuat pengguna mencakup ketidaksesuaian apa ya'),
(5, 'Satisfaction', 'Kepuasan (Satisfaction) adalah kebebasan dari ketidaknyamanan, dan sikap positif terhadap penggunaan produk atau ukuran subjektif sebagaimana pengguna');

-- --------------------------------------------------------

--
-- Table structure for table `tb_levelpengguna`
--

CREATE TABLE `tb_levelpengguna` (
  `id_levelpengguna` int(3) NOT NULL,
  `level_pengguna` varchar(10) NOT NULL
) ENGINE=InnoDB DEFAULT CHARSET=latin1;

--
-- Dumping data for table `tb_levelpengguna`
--

INSERT INTO `tb_levelpengguna` (`id_levelpengguna`, `level_pengguna`) VALUES
(1, 'awam'),
(2, 'aktif'),
(3, 'terampil');

-- --------------------------------------------------------

--
-- Table structure for table `tb_periode`
--

CREATE TABLE `tb_periode` (
  `id_periode` int(10) NOT NULL,
  `periode` varchar(15) NOT NULL,
  `tahun_periode` int(5) NOT NULL
) ENGINE=InnoDB DEFAULT CHARSET=latin1;

--
-- Dumping data for table `tb_periode`
--

INSERT INTO `tb_periode` (`id_periode`, `periode`, `tahun_periode`) VALUES
(1, 'Jan - Jun', 2017),
(2, 'Jul - Des', 2017);

-- --------------------------------------------------------

--
-- Table structure for table `tb_pertanyaan`
--

CREATE TABLE `tb_pertanyaan` (
  `id_pert` int(10) NOT NULL,
  `id_komp` int(10) NOT NULL,
  `kode_pertanyaan` varchar(10) NOT NULL,
  `pertanyaan` varchar(150) NOT NULL
) ENGINE=InnoDB DEFAULT CHARSET=latin1;

--
-- Dumping data for table `tb_pertanyaan`
--

INSERT INTO `tb_pertanyaan` (`id_pert`, `id_komp`, `kode_pertanyaan`, `pertanyaan`) VALUES
(1, 1, 'LE1', 'Apakah jenis font yang digunakan pada halaman SIMANGGA mudah dan jelas ?'),
(2, 1, 'LE2', 'Apakah pilihan menu yang ada pada halaman SIMANGGA mudah untuk dipahami?'),
(3, 1, 'LE3', 'Apakah anda menemukan menu download dan search pada halaman SIMANGGA?'),
(4, 1, 'LE4', 'Apakah  symbol gambar (icon) mudah dipahami ?'),
(5, 2, 'EF1', 'Apakah saat menu atau tombol yang anda klik memiliki respon yang cepat ?'),
(6, 2, 'EF2', 'Apakah konten yang ditampilkan pada menu search sesuai dengan yang anda cari/ inginkan?'),
(7, 2, 'EF3', 'Saat anda ingin mendownload, apakah diberikan informasi tentang format file dan ukurannya ?'),
(8, 3, 'ME1', 'Apakah nama halaman web SIMANGGA mudah untuk diingat?'),
(9, 3, 'ME2', 'Apakah alamat tersebut ditulis menggunakan huruf kecil?'),
(10, 3, 'ME3', 'Apakah alamat mengandung underline?'),
(11, 3, 'ME4', 'Apakah halaman SIMANGGA menggunakan animasi gambar?'),
(12, 3, 'ME5', 'Apakah tampilan website mudah dikenali ?'),
(13, 4, 'ER1', 'Apakah anda menemukan link referensi website, ketika di klik terjadi error atau link tersebut tidak dapat dibuka?'),
(14, 4, 'ER2', 'Apakah ada pesan yang jelas terhadap link yang error tersebut?'),
(15, 4, 'ER3', 'Apakah anda menemukan button atau menu saat diklik tidak memberikan respon apapun?'),
(16, 4, 'ER4', 'Apakah terdapat fitur dalam website yang ketika di klik terjadi error ?'),
(17, 4, 'ER5', 'Apakah anda menemukan adanya under recontruction dari beberapa menu atau link yang ditampilkan dalam halaman ini ?'),
(18, 5, 'SA1', 'Apakah anda mendapatkan apa yang anda cari selama berkunjung ke halaman ini ?'),
(19, 5, 'SA2', 'Apakah menurut anda informasi yang disajikan dalam SIMANGGA ini mudah dipahami?'),
(20, 5, 'SA3', 'Dapatkah anda menemukan kelengkapan lain yang mendukung seperti file share, chat, mailis dan lainnya?'),
(21, 5, 'SA4', 'Apakah ada menu yang anda butuhkan namun belum ada pada SIMANGGA tetapi anda menemui pada halaman yang pernah anda kunjungi sebelumnya?');

-- --------------------------------------------------------

--
-- Table structure for table `tb_rekapkomp`
--

CREATE TABLE `tb_rekapkomp` (
  `id_rk` int(11) NOT NULL,
  `id_komp` int(10) NOT NULL,
  `id_levelpengguna` int(3) NOT NULL,
  `id_periode` int(10) NOT NULL,
  `komp_y` float NOT NULL,
  `komp_n` float NOT NULL
) ENGINE=InnoDB DEFAULT CHARSET=latin1 ROW_FORMAT=COMPACT;

--
-- Dumping data for table `tb_rekapkomp`
--

INSERT INTO `tb_rekapkomp` (`id_rk`, `id_komp`, `id_levelpengguna`, `id_periode`, `komp_y`, `komp_n`) VALUES
(1, 1, 2, 2, 92, 8);

-- --------------------------------------------------------

--
-- Table structure for table `tb_rekappertanyaan`
--

CREATE TABLE `tb_rekappertanyaan` (
  `id_rp` int(10) NOT NULL,
  `id_pert` int(10) NOT NULL,
  `id_levelPengguna` int(3) NOT NULL,
  `id_periode` int(10) NOT NULL,
  `nilai_y` float NOT NULL,
  `nilai_n` float NOT NULL
) ENGINE=InnoDB DEFAULT CHARSET=latin1 ROW_FORMAT=COMPACT;

--
-- Dumping data for table `tb_rekappertanyaan`
--

INSERT INTO `tb_rekappertanyaan` (`id_rp`, `id_pert`, `id_levelPengguna`, `id_periode`, `nilai_y`, `nilai_n`) VALUES
(1, 1, 2, 2, 96, 4),
(2, 2, 2, 2, 92, 8),
(3, 3, 2, 2, 88, 12),
(4, 4, 2, 2, 92, 8);

-- --------------------------------------------------------

--
-- Table structure for table `tb_rekapusability`
--

CREATE TABLE `tb_rekapusability` (
  `id_ru` int(10) NOT NULL,
  `id_periode` int(10) NOT NULL,
  `usability_y` float NOT NULL,
  `usability_n` float NOT NULL
) ENGINE=InnoDB DEFAULT CHARSET=latin1 ROW_FORMAT=COMPACT;

-- --------------------------------------------------------

--
-- Table structure for table `tb_saran`
--

CREATE TABLE `tb_saran` (
  `id_saran` int(10) NOT NULL,
  `id_user` int(10) NOT NULL,
  `saran` varchar(30) NOT NULL,
  `komentar` varchar(150) NOT NULL
) ENGINE=InnoDB DEFAULT CHARSET=latin1;

--
-- Dumping data for table `tb_saran`
--

INSERT INTO `tb_saran` (`id_saran`, `id_user`, `saran`, `komentar`) VALUES
(1, 1, 'Design UI', 'Design mohon di design lebih muda lagi'),
(2, 1, 'Kompleksitas Informasi', 'Informasi tidak lengkap'),
(3, 4, 'Kompleksitas Fitur', 'web simangga mohon terus untuk dikembang kan untuk mendukung kinerja pengelolaan anggaran unit kerja'),
(4, 1, 'Design UI', 'Mohon untuk di adakan sosialisasi untuk simangga, agar kita sebagai pengguna tidak binggung karena cuma di insturksi saja'),
(5, 5, 'Performa Website', 'web simangga sangat ribet'),
(6, 5, 'Performa Website', 'Lebih ditingkatkan lagi untuk performa website'),
(7, 6, 'Design UI', ''),
(8, 7, 'Kompleksitas Informasi', 'Mohon diberikan pertunjuk untuk mengisi kode emi'),
(9, 8, 'Performa Website', ''),
(10, 9, 'Design UI', ''),
(11, 9, 'Kompleksitas Informasi', ''),
(12, 12, 'Performa Website', 'web simangga mohon terus dikembangkan untuk mendukung unit kerja'),
(13, 13, 'Kompleksitas Informasi', 'Mohon untuk ditambahkan petunjuk untuk pengisian EMI agar sesuai dengan renstra universitas'),
(14, 14, 'Kompleksitas Informasi', 'IKU dan IKK terlalu rumit untuk dipahami. Sehingga pemahamannya rancu antara satu dan lainnya'),
(15, 15, 'Kompleksitas Informasi', 'Untuk mengisi IKK, RAB dll harap lebih jelas dengan dipisah secara rinci tidak dijadikan satu retetan'),
(16, 16, 'Kompleksitas Fitur', 'Untuk menghindari kesalahan memasukan MAK, sebaiknya disediakan menu khusus untuk masing-masing unit/fakultas yang memuat MAK wajib dan yang optional'),
(17, 17, 'Design UI', ''),
(18, 18, 'Performa Website', 'Agar aplikasi SIMANGGA lebih dikembangkan dan ditingkatkan '),
(19, 20, 'Kompleksitas Informasi', 'Untuk menambahkan lebih banyak informasi setiap ada pebaruan simangga'),
(20, 21, 'Kompleksitas Fitur', 'Mohon Web SIMANGGA dibuat secara detail'),
(21, 22, 'Kompleksitas Fitur', 'untuk disediakan menu pilihan bagi masing-masing unit kerja agar tidak salah input di MAK'),
(22, 23, 'Kompleksitas Informasi', 'Mohon diberi kejelasan petunjuk untuk pengisian EMI'),
(23, 25, 'Kompleksitas Informasi', ''),
(24, 28, 'Performa Website', 'Mohon website lebih dikembangkan lagi untuk pengelolaan anggaran ditiap unit kerja'),
(25, 30, 'Kompleksitas Informasi', 'IKK terlalu rumit untuk dipahami. Sehingga menjadi rancu semuanya '),
(26, 32, 'Kompleksitas Informasi', 'Beri petunjuk yang jelas dan mudah dipahami untuk petunjuk pengisian EMI agar sesuai dengan renstra UNEJ'),
(27, 34, 'Kompleksitas Informasi', 'Mohon diberi petunjuk setiap unit kerja dalam pengisian EMI'),
(28, 36, 'Kompleksitas Informasi', 'Mohon diberi panduan untuk pengisian IKU dan IKK agar llebih jelas lagi'),
(29, 42, 'Performa Website', 'Tingkatkan terus web SIMANGGA untuk menunjang pengelolaan keuangan unit kerja'),
(30, 43, 'Kompleksitas Fitur', 'Agar disediakan menu pilihan bagi masing-masing unit kerja agar tidak terjadi kesalahan terus menerus'),
(31, 46, 'Kompleksitas Fitur', 'Mohon disediakan menu pilihan bagi masing-masing unit kerja agar tidak salah input di MAK.'),
(32, 47, 'Kompleksitas Fitur', 'Untuk IKK dan RAB dalam pengisiannya harap untuk dipisah, agar lebih jelas'),
(33, 49, 'Kompleksitas Informasi', 'Untuk menghindari kesalahan memasukan MAK, sebaiknya disediakan menu khusus'),
(34, 52, 'Performa Website', 'Agar aplikasi SIMANGGA lebih ditingkatkan dan lebih dipermudah aplikasinya, agar operator lebih mudah mempergunakan dan mengaplikasikannya'),
(35, 53, 'Performa Website', 'Mohon web simangga dibuat dengan detaildan mudah dioperasikan'),
(36, 56, 'Kompleksitas Informasi', 'Mohon di adakan sosialisasi baik secara sistem maupun secara materi, karena selama ini kita hanya dipandu tanpa memahami materi dan sistem untuk memas'),
(37, 59, 'Kompleksitas Informasi', 'Mohon di beri panduan untuk mengisi IKK dan IKU'),
(38, 62, 'Kompleksitas Informasi', 'mohon di tambah panduan untuk pengisian EMI'),
(39, 64, 'Kompleksitas Informasi', 'Pengisian EMI sebaiknya di beri kode secara urut setiap unit'),
(40, 67, 'Kompleksitas Informasi', 'Mohon diberi panduan dalam pengisian EMI, karena sangat penting'),
(41, 69, 'Kompleksitas Informasi', 'Tolong diberikan panduan yang jelas dalam pengisian IKK RAB'),
(42, 72, 'Performa Website', 'Tingkatkan web SIMANGGA dan buat lebih mudah digunnakan, agar tetap dipakai dan pengguna tidak meninggalkan SIMANGGA.'),
(43, 33, 'Kompleksitas Informasi', ''),
(44, 55, 'Performa Website', '');

-- --------------------------------------------------------

--
-- Table structure for table `tb_status`
--

CREATE TABLE `tb_status` (
  `id_status` int(3) NOT NULL,
  `id_user` int(10) NOT NULL,
  `id_periode` int(10) NOT NULL,
  `id_levelPengguna` int(3) NOT NULL,
  `status_Learnability` int(3) NOT NULL,
  `status_Efficiency` int(3) NOT NULL,
  `status_Memorability` int(3) NOT NULL,
  `status_Errors` int(3) NOT NULL,
  `status_Satisfaction` int(3) NOT NULL
) ENGINE=InnoDB DEFAULT CHARSET=latin1 ROW_FORMAT=COMPACT;

--
-- Dumping data for table `tb_status`
--

INSERT INTO `tb_status` (`id_status`, `id_user`, `id_periode`, `id_levelPengguna`, `status_Learnability`, `status_Efficiency`, `status_Memorability`, `status_Errors`, `status_Satisfaction`) VALUES
(1, 1, 2, 1, 1, 1, 1, 1, 1),
(2, 4, 1, 0, 0, 0, 0, 0, 0),
(3, 4, 2, 1, 1, 1, 1, 1, 1),
(4, 5, 1, 0, 0, 0, 0, 0, 0),
(5, 5, 2, 1, 1, 1, 1, 1, 1),
(6, 6, 1, 0, 0, 0, 0, 0, 0),
(7, 6, 2, 2, 1, 1, 1, 1, 1),
(8, 7, 1, 0, 0, 0, 0, 0, 0),
(9, 7, 2, 2, 1, 1, 1, 1, 1),
(10, 8, 1, 0, 0, 0, 0, 0, 0),
(11, 8, 2, 2, 1, 1, 1, 1, 1),
(12, 9, 1, 0, 0, 0, 0, 0, 0),
(13, 9, 2, 3, 1, 1, 1, 1, 1),
(14, 10, 1, 0, 0, 0, 0, 0, 0),
(15, 10, 2, 3, 1, 1, 1, 1, 1),
(16, 11, 1, 0, 0, 0, 0, 0, 0),
(17, 11, 2, 3, 1, 1, 1, 1, 1),
(18, 12, 1, 0, 0, 0, 0, 0, 0),
(19, 12, 2, 1, 1, 1, 1, 1, 1),
(20, 13, 1, 0, 0, 0, 0, 0, 0),
(21, 13, 2, 1, 1, 1, 1, 1, 1),
(22, 14, 1, 0, 0, 0, 0, 0, 0),
(23, 14, 2, 1, 1, 1, 1, 1, 1),
(24, 15, 1, 0, 0, 0, 0, 0, 0),
(25, 15, 2, 1, 1, 1, 1, 1, 1),
(26, 16, 1, 0, 0, 0, 0, 0, 0),
(27, 16, 2, 1, 1, 1, 1, 1, 1),
(28, 17, 1, 0, 0, 0, 0, 0, 0),
(29, 17, 2, 1, 1, 1, 1, 1, 1),
(30, 18, 1, 0, 0, 0, 0, 0, 0),
(31, 18, 2, 1, 1, 1, 1, 1, 1),
(32, 19, 1, 0, 0, 0, 0, 0, 0),
(33, 19, 2, 1, 1, 1, 1, 1, 1),
(34, 20, 1, 0, 0, 0, 0, 0, 0),
(35, 20, 2, 1, 1, 1, 1, 1, 1),
(36, 21, 1, 0, 0, 0, 0, 0, 0),
(37, 21, 2, 1, 1, 1, 1, 1, 1),
(38, 22, 1, 0, 0, 0, 0, 0, 0),
(39, 22, 2, 1, 1, 1, 1, 1, 1),
(40, 23, 1, 0, 0, 0, 0, 0, 0),
(41, 23, 2, 1, 1, 1, 1, 1, 1),
(42, 24, 1, 0, 0, 0, 0, 0, 0),
(43, 24, 2, 1, 1, 1, 1, 1, 1),
(44, 25, 1, 0, 0, 0, 0, 0, 0),
(45, 25, 2, 1, 1, 1, 1, 1, 1),
(46, 26, 1, 0, 0, 0, 0, 0, 0),
(47, 26, 2, 1, 1, 1, 1, 1, 1),
(48, 27, 1, 0, 0, 0, 0, 0, 0),
(49, 27, 2, 1, 1, 1, 1, 1, 1),
(50, 28, 1, 0, 0, 0, 0, 0, 0),
(51, 28, 2, 1, 1, 1, 1, 1, 1),
(52, 29, 1, 0, 0, 0, 0, 0, 0),
(53, 29, 2, 1, 1, 1, 1, 1, 1),
(54, 30, 1, 0, 0, 0, 0, 0, 0),
(55, 30, 2, 1, 1, 1, 1, 1, 1),
(56, 31, 1, 0, 0, 0, 0, 0, 0),
(57, 31, 2, 1, 1, 1, 1, 1, 1),
(58, 32, 1, 0, 0, 0, 0, 0, 0),
(59, 32, 2, 1, 1, 1, 1, 1, 1),
(60, 33, 1, 0, 0, 0, 0, 0, 0),
(61, 33, 2, 1, 1, 1, 1, 1, 1),
(62, 34, 1, 0, 0, 0, 0, 0, 0),
(63, 34, 2, 2, 1, 1, 1, 1, 1),
(64, 35, 1, 0, 0, 0, 0, 0, 0),
(65, 35, 2, 2, 1, 1, 1, 1, 1),
(66, 36, 1, 0, 0, 0, 0, 0, 0),
(67, 36, 2, 2, 1, 1, 1, 1, 1),
(68, 37, 1, 0, 0, 0, 0, 0, 0),
(69, 37, 2, 2, 1, 1, 1, 1, 1),
(70, 38, 1, 0, 0, 0, 0, 0, 0),
(71, 38, 2, 2, 1, 1, 1, 1, 1),
(72, 39, 1, 0, 0, 0, 0, 0, 0),
(73, 39, 2, 2, 1, 1, 1, 1, 1),
(74, 40, 1, 0, 0, 0, 0, 0, 0),
(75, 40, 2, 2, 1, 1, 1, 1, 1),
(76, 41, 1, 0, 0, 0, 0, 0, 0),
(77, 41, 2, 2, 1, 1, 1, 1, 1),
(78, 42, 1, 0, 0, 0, 0, 0, 0),
(79, 42, 2, 2, 1, 1, 1, 1, 1),
(80, 43, 1, 0, 0, 0, 0, 0, 0),
(81, 43, 2, 2, 1, 1, 1, 1, 1),
(82, 44, 1, 0, 0, 0, 0, 0, 0),
(83, 44, 2, 2, 1, 1, 1, 1, 1),
(84, 45, 1, 0, 0, 0, 0, 0, 0),
(85, 45, 2, 2, 1, 1, 1, 1, 1),
(86, 46, 1, 0, 0, 0, 0, 0, 0),
(87, 46, 2, 2, 1, 1, 1, 1, 1),
(88, 47, 1, 0, 0, 0, 0, 0, 0),
(89, 47, 2, 2, 1, 1, 1, 1, 1),
(90, 48, 1, 0, 0, 0, 0, 0, 0),
(91, 48, 2, 2, 1, 1, 1, 1, 1),
(92, 49, 1, 0, 0, 0, 0, 0, 0),
(93, 49, 2, 2, 1, 1, 1, 1, 1),
(94, 50, 1, 0, 0, 0, 0, 0, 0),
(95, 50, 2, 2, 1, 1, 1, 1, 1),
(96, 51, 1, 0, 0, 0, 0, 0, 0),
(97, 51, 2, 2, 1, 1, 1, 1, 1),
(98, 52, 1, 0, 0, 0, 0, 0, 0),
(99, 52, 2, 2, 1, 1, 1, 1, 1),
(100, 53, 1, 0, 0, 0, 0, 0, 0),
(101, 53, 2, 2, 1, 1, 1, 1, 1),
(102, 54, 1, 0, 0, 0, 0, 0, 0),
(103, 54, 2, 2, 1, 1, 1, 1, 1),
(104, 55, 1, 0, 0, 0, 0, 0, 0),
(105, 55, 2, 2, 1, 1, 1, 1, 1),
(106, 56, 1, 0, 0, 0, 0, 0, 0),
(107, 56, 2, 3, 1, 1, 1, 1, 1),
(108, 57, 1, 0, 0, 0, 0, 0, 0),
(109, 57, 2, 3, 1, 1, 1, 1, 1),
(110, 58, 1, 0, 0, 0, 0, 0, 0),
(111, 58, 2, 3, 1, 1, 1, 1, 1),
(112, 59, 1, 0, 0, 0, 0, 0, 0),
(113, 59, 2, 3, 1, 1, 1, 1, 1),
(114, 60, 1, 0, 0, 0, 0, 0, 0),
(115, 60, 2, 3, 1, 1, 1, 1, 1),
(116, 61, 1, 0, 0, 0, 0, 0, 0),
(117, 61, 2, 3, 1, 1, 1, 1, 1),
(118, 62, 1, 0, 0, 0, 0, 0, 0),
(119, 62, 2, 3, 1, 1, 1, 1, 1),
(120, 63, 1, 0, 0, 0, 0, 0, 0),
(121, 63, 2, 3, 1, 1, 1, 1, 1),
(122, 64, 1, 0, 0, 0, 0, 0, 0),
(123, 64, 2, 3, 1, 1, 1, 1, 1),
(124, 65, 1, 0, 0, 0, 0, 0, 0),
(125, 65, 2, 3, 1, 1, 1, 1, 1),
(126, 66, 1, 0, 0, 0, 0, 0, 0),
(127, 66, 2, 3, 1, 1, 1, 1, 1),
(128, 67, 1, 0, 0, 0, 0, 0, 0),
(129, 67, 2, 3, 1, 1, 1, 1, 1),
(130, 68, 1, 0, 0, 0, 0, 0, 0),
(131, 68, 2, 3, 1, 1, 1, 1, 1),
(132, 69, 1, 0, 0, 0, 0, 0, 0),
(133, 69, 2, 3, 1, 1, 1, 1, 1),
(134, 70, 1, 0, 0, 0, 0, 0, 0),
(135, 70, 2, 3, 1, 1, 1, 1, 1),
(136, 71, 1, 0, 0, 0, 0, 0, 0),
(137, 71, 2, 3, 1, 1, 1, 1, 1),
(138, 72, 1, 0, 0, 0, 0, 0, 0),
(139, 72, 2, 3, 1, 1, 1, 1, 1),
(140, 73, 1, 0, 0, 0, 0, 0, 0),
(141, 73, 2, 3, 1, 1, 1, 1, 1),
(142, 74, 1, 0, 0, 0, 0, 0, 0),
(143, 74, 2, 3, 1, 1, 1, 1, 1),
(144, 75, 1, 0, 0, 0, 0, 0, 0),
(145, 75, 2, 3, 1, 1, 1, 1, 1),
(146, 76, 1, 0, 0, 0, 0, 0, 0),
(147, 76, 2, 3, 1, 1, 1, 1, 1),
(148, 77, 1, 0, 0, 0, 0, 0, 0),
(149, 77, 2, 3, 0, 0, 0, 0, 0);

-- --------------------------------------------------------

--
-- Table structure for table `tb_user`
--

CREATE TABLE `tb_user` (
  `id_user` int(10) NOT NULL,
  `username` varchar(15) NOT NULL,
  `password` varchar(15) NOT NULL,
  `jabatan` varchar(20) NOT NULL,
  `level` tinyint(3) NOT NULL
) ENGINE=InnoDB DEFAULT CHARSET=latin1 ROW_FORMAT=COMPACT;

--
-- Dumping data for table `tb_user`
--

INSERT INTO `tb_user` (`id_user`, `username`, `password`, `jabatan`, `level`) VALUES
(1, 'responden', 'uptti', 'Operator', 3),
(2, 'admin', 'simangga', 'Admin', 2),
(3, 'super', 'admin', 'Super Admin', 1),
(4, 'responden2', 'uptti', 'Operator', 3),
(5, 'responden3', 'uptti', 'Operator', 3),
(6, 'responden4', 'uptti', 'Pimpinan Unit', 3),
(7, 'responden5', 'uptti', 'Sekretaris GPM', 3),
(8, 'responden6', 'uptti', 'Ketua GPM', 3),
(9, 'responden7', 'uptti', 'Reviewer', 3),
(10, 'responden8', 'uptti', 'Reviewer', 3),
(11, 'responden9', 'uptti', 'Operator', 3),
(12, 'responden10', 'uptti', 'Operator', 3),
(13, 'responden11', 'uptti', 'Pimpinan Unit', 3),
(14, 'responden12', 'uptti', 'Kepala Prodi', 3),
(15, 'responden13', 'uptti', 'Operator', 3),
(16, 'responden14', 'uptti', 'Operator', 3),
(17, 'responden15', 'uptti', 'Pimpinan Unit', 3),
(18, 'responden16', 'uptti', 'Operator', 3),
(19, 'responden17', 'uptti', 'Operator', 3),
(20, 'responden18', 'uptti', 'Operator', 3),
(21, 'responden19', 'uptti', 'Operator', 3),
(22, 'responden20', 'uptti', 'Pimpinan Unit', 3),
(23, 'responden21', 'uptti', 'Reviewer', 3),
(24, 'responden22', 'uptti', 'Operator', 3),
(25, 'responden23', 'uptti', 'Pimpinan Unit', 3),
(26, 'responden24', 'uptti', 'Operator', 3),
(27, 'responden25', 'uptti', 'Operator', 3),
(28, 'responden26', 'uptti', 'Operator', 3),
(29, 'responden27', 'uptti', 'Pimpinan Unit', 3),
(30, 'responden28', 'uptti', 'Operator', 3),
(31, 'responden29', 'uptti', 'Pimpinan Unit', 3),
(32, 'responden30', 'uptti', 'Pimpinan Unit', 3),
(33, 'responden31', 'uptti', 'Pimpinan Unit', 3),
(34, 'responden32', 'uptti', 'Operator', 3),
(35, 'responden33', 'uptti', 'Pimpinan Unit', 3),
(36, 'responden34', 'uptti', 'Kepala Prodi', 3),
(37, 'responden35', 'uptti', 'Reviewer', 3),
(38, 'responden36', 'uptti', 'Pimpinan Unit', 3),
(39, 'responden37', 'uptti', 'Sekretaris GPM', 3),
(40, 'responden38', 'uptti', 'Pimpinan Unit', 3),
(41, 'responden39', 'uptti', 'Pimpinan Unit', 3),
(42, 'responden40', 'uptti', 'Ketua GPM', 3),
(43, 'responden41', 'uptti', 'Sekretaris GPM', 3),
(44, 'responden42', 'uptti', 'Pimpinan Unit', 3),
(45, 'responden43', 'uptti', 'Operator', 3),
(46, 'responden44', 'uptti', 'Operator', 3),
(47, 'responden45', 'uptti', 'Pimpinan Unit', 3),
(48, 'responden46', 'uptti', 'Operator', 3),
(49, 'responden47', 'uptti', 'Operator', 3),
(50, 'responden48', 'uptti', 'Operator', 3),
(51, 'responden49', 'uptti', 'Operator', 3),
(52, 'responden50', 'uptti', 'Operator', 3),
(53, 'responden51', 'uptti', 'Operator', 3),
(54, 'responden52', 'uptti', 'Operator', 3),
(55, 'responden53', 'uptti', 'Operator', 3),
(56, 'responden54', 'uptti', 'Operator', 3),
(57, 'responden55', 'uptti', 'Operator', 3),
(58, 'responden56', 'uptti', 'Operator', 3),
(59, 'responden57', 'uptti', 'Pimpinan Unit', 3),
(60, 'responden58', 'uptti', 'Operator', 3),
(61, 'responden59', 'uptti', 'Operator', 3),
(62, 'responden60', 'uptti', 'Operator', 3),
(63, 'responden61', 'uptti', 'Operator', 3),
(64, 'responden62', 'uptti', 'Operator', 3),
(65, 'responden63', 'uptti', 'Operator', 3),
(66, 'responden64', 'uptti', 'Operator', 3),
(67, 'responden65', 'uptti', 'Pimpinan Unit', 3),
(68, 'responden66', 'uptti', 'Operator', 3),
(69, 'responden67', 'uptti', 'Pimpinan Unit', 3),
(70, 'responden68', 'uptti', 'Operator', 3),
(71, 'responden69', 'uptti', 'Operator', 3),
(72, 'responden70', 'uptti', 'Ketua GPM', 3),
(73, 'responden71', 'uptti', 'Operator', 3),
(74, 'responden72', 'uptti', 'Pimpinan Unit', 3),
(75, 'responden73', 'uptti', 'Operator', 3),
(76, 'responden74', 'uptti', 'Operator', 3),
(77, 'responden75', 'uptti', 'Operator', 3);

--
-- Indexes for dumped tables
--

--
-- Indexes for table `tb_jawaban`
--
ALTER TABLE `tb_jawaban`
  ADD PRIMARY KEY (`id_jawab`),
  ADD KEY `id_pert` (`id_pert`),
  ADD KEY `id_user` (`id_user`),
  ADD KEY `id_user_2` (`id_user`),
  ADD KEY `id_levelpengguna` (`id_levelpengguna`),
  ADD KEY `id_levelpengguna_2` (`id_levelpengguna`),
  ADD KEY `id_periode` (`id_periode`);

--
-- Indexes for table `tb_komp`
--
ALTER TABLE `tb_komp`
  ADD PRIMARY KEY (`id_komp`);

--
-- Indexes for table `tb_levelpengguna`
--
ALTER TABLE `tb_levelpengguna`
  ADD PRIMARY KEY (`id_levelpengguna`);

--
-- Indexes for table `tb_periode`
--
ALTER TABLE `tb_periode`
  ADD PRIMARY KEY (`id_periode`);

--
-- Indexes for table `tb_pertanyaan`
--
ALTER TABLE `tb_pertanyaan`
  ADD PRIMARY KEY (`id_pert`),
  ADD UNIQUE KEY `kode_pertanyaan` (`kode_pertanyaan`),
  ADD KEY `id_komp` (`id_komp`);

--
-- Indexes for table `tb_rekapkomp`
--
ALTER TABLE `tb_rekapkomp`
  ADD PRIMARY KEY (`id_rk`),
  ADD KEY `id_komp` (`id_komp`),
  ADD KEY `id_levelpengguna` (`id_levelpengguna`),
  ADD KEY `id_periode` (`id_periode`);

--
-- Indexes for table `tb_rekappertanyaan`
--
ALTER TABLE `tb_rekappertanyaan`
  ADD PRIMARY KEY (`id_rp`),
  ADD KEY `id_pert` (`id_pert`),
  ADD KEY `id_levelPengguna` (`id_levelPengguna`),
  ADD KEY `id_periode` (`id_periode`);

--
-- Indexes for table `tb_rekapusability`
--
ALTER TABLE `tb_rekapusability`
  ADD PRIMARY KEY (`id_ru`),
  ADD KEY `id_periode` (`id_periode`);

--
-- Indexes for table `tb_saran`
--
ALTER TABLE `tb_saran`
  ADD PRIMARY KEY (`id_saran`),
  ADD KEY `id_user` (`id_user`);

--
-- Indexes for table `tb_status`
--
ALTER TABLE `tb_status`
  ADD PRIMARY KEY (`id_status`),
  ADD KEY `id_user` (`id_user`),
  ADD KEY `id_levelPengguna` (`id_levelPengguna`),
  ADD KEY `id_periode` (`id_periode`);

--
-- Indexes for table `tb_user`
--
ALTER TABLE `tb_user`
  ADD PRIMARY KEY (`id_user`);

--
-- AUTO_INCREMENT for dumped tables
--

--
-- AUTO_INCREMENT for table `tb_jawaban`
--
ALTER TABLE `tb_jawaban`
  MODIFY `id_jawab` int(10) NOT NULL AUTO_INCREMENT, AUTO_INCREMENT=1559;
--
-- AUTO_INCREMENT for table `tb_komp`
--
ALTER TABLE `tb_komp`
  MODIFY `id_komp` int(10) NOT NULL AUTO_INCREMENT, AUTO_INCREMENT=6;
--
-- AUTO_INCREMENT for table `tb_levelpengguna`
--
ALTER TABLE `tb_levelpengguna`
  MODIFY `id_levelpengguna` int(3) NOT NULL AUTO_INCREMENT, AUTO_INCREMENT=4;
--
-- AUTO_INCREMENT for table `tb_periode`
--
ALTER TABLE `tb_periode`
  MODIFY `id_periode` int(10) NOT NULL AUTO_INCREMENT, AUTO_INCREMENT=3;
--
-- AUTO_INCREMENT for table `tb_pertanyaan`
--
ALTER TABLE `tb_pertanyaan`
  MODIFY `id_pert` int(10) NOT NULL AUTO_INCREMENT, AUTO_INCREMENT=22;
--
-- AUTO_INCREMENT for table `tb_rekapkomp`
--
ALTER TABLE `tb_rekapkomp`
  MODIFY `id_rk` int(11) NOT NULL AUTO_INCREMENT, AUTO_INCREMENT=2;
--
-- AUTO_INCREMENT for table `tb_rekappertanyaan`
--
ALTER TABLE `tb_rekappertanyaan`
  MODIFY `id_rp` int(10) NOT NULL AUTO_INCREMENT, AUTO_INCREMENT=5;
--
-- AUTO_INCREMENT for table `tb_rekapusability`
--
ALTER TABLE `tb_rekapusability`
  MODIFY `id_ru` int(10) NOT NULL AUTO_INCREMENT;
--
-- AUTO_INCREMENT for table `tb_saran`
--
ALTER TABLE `tb_saran`
  MODIFY `id_saran` int(10) NOT NULL AUTO_INCREMENT, AUTO_INCREMENT=45;
--
-- AUTO_INCREMENT for table `tb_status`
--
ALTER TABLE `tb_status`
  MODIFY `id_status` int(3) NOT NULL AUTO_INCREMENT, AUTO_INCREMENT=150;
--
-- AUTO_INCREMENT for table `tb_user`
--
ALTER TABLE `tb_user`
  MODIFY `id_user` int(10) NOT NULL AUTO_INCREMENT, AUTO_INCREMENT=78;
--
-- Constraints for dumped tables
--

--
-- Constraints for table `tb_jawaban`
--
ALTER TABLE `tb_jawaban`
  ADD CONSTRAINT `tb_jawaban_ibfk_1` FOREIGN KEY (`id_user`) REFERENCES `tb_user` (`id_user`),
  ADD CONSTRAINT `tb_jawaban_ibfk_3` FOREIGN KEY (`id_pert`) REFERENCES `tb_pertanyaan` (`id_pert`),
  ADD CONSTRAINT `tb_jawaban_ibfk_5` FOREIGN KEY (`id_levelpengguna`) REFERENCES `tb_levelpengguna` (`id_levelpengguna`);

--
-- Constraints for table `tb_pertanyaan`
--
ALTER TABLE `tb_pertanyaan`
  ADD CONSTRAINT `tb_pertanyaan_ibfk_1` FOREIGN KEY (`id_komp`) REFERENCES `tb_komp` (`id_komp`);

/*!40101 SET CHARACTER_SET_CLIENT=@OLD_CHARACTER_SET_CLIENT */;
/*!40101 SET CHARACTER_SET_RESULTS=@OLD_CHARACTER_SET_RESULTS */;
/*!40101 SET COLLATION_CONNECTION=@OLD_COLLATION_CONNECTION */;
